{
  "type": "FeatureCollection",
  "name": "de-gesamtstrecke",
  "coordinate_system": "local_meters",
  "features": [
    {
      "type": "Feature",
      "properties": {
        "id": "de-gesamtstrecke",
        "Name": "N\u00fcrburgring Gesamtstrecke (Kurzanbindung)",
        "Location": "N\u00fcrburg",
        "length": 23791,
        "source": "JRT-Trackmaps combinedshorta",
        "note": "Nordschleife + GP connector; not the standalone GP loop"
      },
      "geometry": {
        "type": "LineString",
        "coordinates": [
          [
            0.0,
            0.0
          ],
          [
            -3.068144140412832,
            2.9184450835011164
          ],
          [
            -9.680403889032828,
            9.211692995492307
          ],
          [
            -17.66597514457867,
            16.803178627954015
          ],
          [
            -25.642371829357405,
            24.400933596383208
          ],
          [
            -33.594893070109556,
            32.022078962439174
          ],
          [
            -41.52303261938491,
            39.66419693351809
          ],
          [
            -49.449895670184915,
            47.305909767403264
          ],
          [
            -57.38266777345729,
            54.940232262252444
          ],
          [
            -65.29672437058218,
            62.59602426246609
          ],
          [
            -73.1670959808429,
            70.29604404574562
          ],
          [
            -81.03842997748684,
            77.99513055971916
          ],
          [
            -88.94031482581788,
            85.68403476690128
          ],
          [
            -96.83777670579057,
            93.35282037970534
          ],
          [
            -104.75050643945947,
            101.00897788691742
          ],
          [
            -112.68687857489402,
            108.64581778589628
          ],
          [
            -120.63067879243432,
            116.26473020356552
          ],
          [
            -128.55898135029875,
            123.88109346730373
          ],
          [
            -136.47180207902204,
            131.48790483435687
          ],
          [
            -144.38615965208083,
            139.09217835053113
          ],
          [
            -152.29076660531535,
            146.69820158999713
          ],
          [
            -160.1940864020145,
            154.31075634661138
          ],
          [
            -168.1007762437937,
            161.92171519886088
          ],
          [
            -176.02514783343364,
            169.5210483605413
          ],
          [
            -183.96665975801707,
            177.11421606110062
          ],
          [
            -191.916484928278,
            184.72159545897904
          ],
          [
            -199.86550124586677,
            192.34234458405524
          ],
          [
            -207.79464207883183,
            199.96004126853975
          ],
          [
            -215.70762661052163,
            207.57730655480898
          ],
          [
            -223.61882595312358,
            215.19942928306492
          ],
          [
            -231.52777161626886,
            222.81594793786357
          ],
          [
            -239.45678202594357,
            230.4200823953789
          ],
          [
            -247.40988833167165,
            237.99702282103823
          ],
          [
            -255.38220604574008,
            245.5541929747287
          ],
          [
            -263.35076664383246,
            253.12461776039882
          ],
          [
            -271.27274985122347,
            260.73220079543097
          ],
          [
            -279.16550855302256,
            268.3406907005851
          ],
          [
            -287.04326222413385,
            275.9594577342795
          ],
          [
            -294.93909462402746,
            283.5500263484276
          ],
          [
            -302.8880943108917,
            291.08323544353107
          ],
          [
            -310.83412342318104,
            298.54807983142086
          ],
          [
            -318.7742972263913,
            305.9348103587337
          ],
          [
            -326.79636969792836,
            313.27582007998353
          ],
          [
            -335.06246969820654,
            320.40758343760155
          ],
          [
            -343.6444957674722,
            327.19131849490486
          ],
          [
            -352.3926496782511,
            333.7448392594227
          ],
          [
            -361.24001644168453,
            340.1367417205412
          ],
          [
            -370.1632032336425,
            346.4137147652804
          ],
          [
            -379.1636949668647,
            352.5583778277117
          ],
          [
            -388.25805246802884,
            358.56521952629276
          ],
          [
            -397.36627590529923,
            364.5031650616438
          ],
          [
            -406.4401837774195,
            370.4331452288028
          ],
          [
            -415.5564748378819,
            376.35920063655715
          ],
          [
            -424.6866742993429,
            382.2467844071018
          ],
          [
            -433.80912686186116,
            388.0913575702818
          ],
          [
            -442.7846026589603,
            393.8217102443547
          ],
          [
            -451.0041928548965,
            398.97106377091694
          ],
          [
            -460.9385036326099,
            403.7736109405714
          ],
          [
            -473.1162011969635,
            402.9421645026407
          ],
          [
            -480.93976700629423,
            393.19072750975846
          ],
          [
            -480.2274585350535,
            381.0686236011546
          ],
          [
            -480.45812300125107,
            369.49436110123617
          ],
          [
            -484.43257108741193,
            357.96572869202583
          ],
          [
            -494.8885466821232,
            347.7822443326279
          ],
          [
            -509.1761691582632,
            350.66745332303515
          ],
          [
            -519.0369450794609,
            357.7383825641423
          ],
          [
            -527.7940877995383,
            365.0815842172647
          ],
          [
            -535.9495833885416,
            372.93732811743604
          ],
          [
            -543.4291725145933,
            381.47549292355404
          ],
          [
            -550.0166537288635,
            390.729249674242
          ],
          [
            -555.5722407152167,
            400.6109197793259
          ],
          [
            -559.5078100387597,
            411.2340700762287
          ],
          [
            -561.6404743961788,
            422.41809914832345
          ],
          [
            -563.5795564215038,
            433.45671592575496
          ],
          [
            -565.5348085942661,
            444.44421622894436
          ],
          [
            -567.5085497640512,
            455.3867562776447
          ],
          [
            -569.5257628821266,
            466.2915856034031
          ],
          [
            -571.611541783295,
            477.1663897591628
          ],
          [
            -573.6980164214079,
            487.9902634728383
          ],
          [
            -575.8049912426721,
            498.74920329078384
          ],
          [
            -577.9854353675868,
            509.44898562501567
          ],
          [
            -580.3512960297412,
            520.0979541649364
          ],
          [
            -583.0467588452998,
            530.6900153501043
          ],
          [
            -586.0990339145764,
            541.176437152719
          ],
          [
            -589.4674151485466,
            551.5591897509606
          ],
          [
            -592.9814086103387,
            561.8773795157838
          ],
          [
            -596.5454154182365,
            572.1793790742153
          ],
          [
            -600.1306763650531,
            582.4899693063493
          ],
          [
            -603.7326528140261,
            592.8139709702276
          ],
          [
            -607.3512354546136,
            603.1526893185094
          ],
          [
            -610.9800469682357,
            613.5249965712909
          ],
          [
            -614.5818464917362,
            623.8541986069913
          ],
          [
            -618.1433045111892,
            634.0984023011453
          ],
          [
            -621.6875022021488,
            644.2718563343454
          ],
          [
            -625.512918170282,
            654.6217538519938
          ],
          [
            -631.4710968552624,
            664.3256057010254
          ],
          [
            -640.6523881486463,
            671.4686935453533
          ],
          [
            -651.6816842472142,
            675.4805821551197
          ],
          [
            -663.3793055999294,
            676.3144411901145
          ],
          [
            -674.920792526849,
            673.8268782561545
          ],
          [
            -685.3601228279185,
            668.2143106482362
          ],
          [
            -693.6909792117214,
            659.5226379568952
          ],
          [
            -698.870231205023,
            648.8362917283141
          ],
          [
            -700.5718891389733,
            637.2552638721626
          ],
          [
            -699.2704692618099,
            625.8324025646242
          ],
          [
            -696.1326608326525,
            614.8959150014986
          ],
          [
            -692.4275258374611,
            604.3165982136959
          ],
          [
            -688.6264723986653,
            593.9149570168119
          ],
          [
            -684.8267585880395,
            583.5220044172128
          ],
          [
            -681.0214308007836,
            573.0926158752392
          ],
          [
            -677.2332075174651,
            562.6210707421012
          ],
          [
            -673.5212335444708,
            552.1581257798198
          ],
          [
            -669.8303744346042,
            541.7010711388945
          ],
          [
            -666.1208396673685,
            531.2828817059087
          ],
          [
            -662.4814131272806,
            520.9956577281434
          ],
          [
            -658.857912786487,
            510.79321256743077
          ],
          [
            -655.208803024499,
            500.56783011787445
          ],
          [
            -651.5534506332457,
            490.3455992798315
          ],
          [
            -647.9258206391781,
            480.0899258615954
          ],
          [
            -644.3497672949306,
            469.8114505087542
          ],
          [
            -640.8561898156313,
            459.4983784445437
          ],
          [
            -637.6953703429348,
            448.94532495652595
          ],
          [
            -636.4108760243479,
            437.5923246296899
          ],
          [
            -638.2484877220603,
            425.92352279993895
          ],
          [
            -643.1668191024806,
            414.9251657149653
          ],
          [
            -650.9582169619457,
            405.9652013142966
          ],
          [
            -660.7496560860008,
            399.60968306647857
          ],
          [
            -671.0921012142619,
            394.52298971758006
          ],
          [
            -681.3219468870456,
            389.75994709758567
          ],
          [
            -691.4346770756449,
            385.1352615461649
          ],
          [
            -701.5053787646723,
            380.513685794281
          ],
          [
            -711.6113609995693,
            375.853922294882
          ],
          [
            -721.8038654876106,
            371.2986658762002
          ],
          [
            -731.8940919755806,
            366.8440275472417
          ],
          [
            -741.6871084559095,
            362.4762204062138
          ],
          [
            -751.3521372318033,
            358.05901932695645
          ],
          [
            -760.9307899598658,
            353.6219975729878
          ],
          [
            -770.389336504307,
            348.93926814273914
          ],
          [
            -779.642573769906,
            343.40228668975783
          ],
          [
            -788.1476116987308,
            336.43251220834
          ],
          [
            -795.5139858364005,
            328.0732856493216
          ],
          [
            -801.2070110986657,
            318.2106022168194
          ],
          [
            -804.8764596724535,
            307.33547724176725
          ],
          [
            -806.4959806051816,
            295.9557126039713
          ],
          [
            -806.0044826713711,
            284.4200666583551
          ],
          [
            -803.4585226194255,
            273.19112555961874
          ],
          [
            -798.9428817179066,
            262.73892729832824
          ],
          [
            -792.6972652690305,
            253.32513245058507
          ],
          [
            -785.3012387294443,
            244.79940118009299
          ],
          [
            -777.8890143799227,
            236.41192355622263
          ],
          [
            -770.5894411936742,
            228.09571678004446
          ],
          [
            -763.3353882501519,
            219.77357616882583
          ],
          [
            -756.1038041923395,
            211.41142646687865
          ],
          [
            -748.8903550413731,
            203.02008536553677
          ],
          [
            -741.6579876007739,
            194.6061468447994
          ],
          [
            -734.4006272742871,
            186.22072908009628
          ],
          [
            -727.1279656643061,
            177.85320779483305
          ],
          [
            -719.8570857237364,
            169.4831774795993
          ],
          [
            -712.5944273684412,
            161.1014047492168
          ],
          [
            -705.3460628994536,
            152.7179727031122
          ],
          [
            -698.1318943725076,
            144.35951886790045
          ],
          [
            -690.9049053775866,
            135.97536833649397
          ],
          [
            -683.6799636954149,
            127.59706922085329
          ],
          [
            -676.4528404260353,
            119.22411033213278
          ],
          [
            -669.2398530791451,
            110.87502999407407
          ],
          [
            -662.0182526649219,
            102.51629316609878
          ],
          [
            -654.7928734098011,
            94.16003237518039
          ],
          [
            -647.5826028022979,
            85.82644839070127
          ],
          [
            -640.4916266105124,
            77.627603735638
          ],
          [
            -633.4177291727909,
            69.436081381559
          ],
          [
            -626.3493452197076,
            61.24821409505208
          ],
          [
            -619.2817020387893,
            53.03662008427123
          ],
          [
            -612.2288376237956,
            44.83229976354754
          ],
          [
            -605.1839819184729,
            36.630717080708074
          ],
          [
            -598.1338733922855,
            28.394437574423648
          ],
          [
            -591.0879391593433,
            20.14898761992476
          ],
          [
            -583.9062025858335,
            11.881642142374533
          ],
          [
            -576.54137837821,
            3.6941788445332966
          ],
          [
            -568.8919611466804,
            -4.308006389693943
          ],
          [
            -560.7983749671886,
            -11.913518251888643
          ],
          [
            -552.2315225423155,
            -18.995211991440257
          ],
          [
            -543.1895343003977,
            -25.48556241211003
          ],
          [
            -533.666540040579,
            -31.282707664618147
          ],
          [
            -523.6869370874233,
            -36.271971973442675
          ],
          [
            -513.3565478177264,
            -40.49107650941842
          ],
          [
            -502.7936669228633,
            -44.04638041090981
          ],
          [
            -492.0989021267183,
            -47.07883728778066
          ],
          [
            -481.31080277595976,
            -49.768494938184126
          ],
          [
            -470.50052950119345,
            -52.28390874442587
          ],
          [
            -459.7161264792435,
            -54.79285476035676
          ],
          [
            -448.9572324765521,
            -57.3323490323455
          ],
          [
            -438.2113462608048,
            -59.867671164246936
          ],
          [
            -427.4596412211662,
            -62.38801837207997
          ],
          [
            -416.6976494416014,
            -64.88911990360285
          ],
          [
            -405.9257957935042,
            -67.36666746195607
          ],
          [
            -395.14426433544236,
            -69.84876441893529
          ],
          [
            -384.39163554529614,
            -72.33313503773735
          ],
          [
            -373.6130968792485,
            -74.83093157122298
          ],
          [
            -362.83452629218283,
            -77.33360208596548
          ],
          [
            -352.06665141609597,
            -79.84324044370234
          ],
          [
            -341.30233202897773,
            -82.35642091039101
          ],
          [
            -330.5388203803328,
            -84.86867785604876
          ],
          [
            -319.8056885021054,
            -87.37434493951793
          ],
          [
            -309.04718879414025,
            -89.88607947920157
          ],
          [
            -298.29238165156687,
            -92.39443442797482
          ],
          [
            -287.5322029264151,
            -94.89875927025214
          ],
          [
            -276.78112621950385,
            -97.39675017609719
          ],
          [
            -266.0305538854378,
            -99.88838108914896
          ],
          [
            -255.32967204097207,
            -102.36222898542148
          ],
          [
            -244.81353041621134,
            -104.77955422644783
          ],
          [
            -234.31200855333597,
            -107.17557239935773
          ],
          [
            -223.80217404900742,
            -109.57485188667599
          ],
          [
            -213.24323267337368,
            -111.99528762270381
          ],
          [
            -202.68991755418625,
            -114.42143449790338
          ],
          [
            -192.12925392456256,
            -116.85259918128374
          ],
          [
            -181.56399547902936,
            -119.30551354801207
          ],
          [
            -170.99726060705183,
            -121.76149469102185
          ],
          [
            -160.43737520588076,
            -124.21025225000133
          ],
          [
            -149.87046637935114,
            -126.6562877586104
          ],
          [
            -139.30235403578277,
            -129.11684757586545
          ],
          [
            -128.73480552692968,
            -131.59445789258865
          ],
          [
            -118.15878684878675,
            -134.0786066339822
          ],
          [
            -107.62815089943498,
            -136.50872611122466
          ],
          [
            -96.89116448909202,
            -139.02811978701368
          ],
          [
            -85.9212545476147,
            -142.43319118578592
          ],
          [
            -75.6839418317707,
            -148.2535967526263
          ],
          [
            -68.03335909063057,
            -157.11572136051447
          ],
          [
            -63.696793301681865,
            -167.9894631200618
          ],
          [
            -60.140819554444846,
            -178.93744935656358
          ],
          [
            -55.48269830868569,
            -189.48070233635934
          ],
          [
            -48.74289671340071,
            -198.96968447710867
          ],
          [
            -39.891752406357256,
            -206.67966924549657
          ],
          [
            -30.072972727647336,
            -212.97360866448548
          ],
          [
            -19.18904199853856,
            -217.12604384982524
          ],
          [
            -8.116118573564192,
            -220.12525834846278
          ],
          [
            2.775675409691655,
            -222.87560280952988
          ],
          [
            13.651839941260889,
            -225.393328208477
          ],
          [
            24.526853472789185,
            -227.72130725517619
          ],
          [
            35.397476776164396,
            -229.88092388017262
          ],
          [
            46.26653413245245,
            -231.9015877999242
          ],
          [
            57.10406939341224,
            -233.83582538154027
          ],
          [
            67.89036341959486,
            -235.73497186421162
          ],
          [
            78.67644788335947,
            -237.64503260521082
          ],
          [
            89.4539713938132,
            -239.5744841156167
          ],
          [
            100.11780476176995,
            -241.504802016309
          ],
          [
            110.72155024898193,
            -243.4508734677579
          ],
          [
            121.33691058329187,
            -245.6141167278345
          ],
          [
            132.05941373989586,
            -248.8011904239417
          ],
          [
            142.026956409987,
            -254.269661588713
          ],
          [
            150.63748340231314,
            -262.06998284097597
          ],
          [
            157.3340373024858,
            -271.74435219767633
          ],
          [
            161.62972941677822,
            -282.69242265021677
          ],
          [
            163.3508460117802,
            -294.45294749677936
          ],
          [
            162.23262461175773,
            -306.30707092480145
          ],
          [
            158.40420729441848,
            -317.35111216447774
          ],
          [
            152.2584316923898,
            -327.07000044912337
          ],
          [
            144.6695963949655,
            -335.5294812617212
          ],
          [
            137.29805351358945,
            -343.8312021867261
          ],
          [
            130.37686637607956,
            -352.42375359647747
          ],
          [
            123.89469690025057,
            -361.3339150940252
          ],
          [
            117.73316646315533,
            -370.3930976187392
          ],
          [
            111.65435714009924,
            -379.4847431947007
          ],
          [
            105.61100738023471,
            -388.58797265264394
          ],
          [
            99.5655691299048,
            -397.72687108037996
          ],
          [
            93.51886579210137,
            -406.8817842665795
          ],
          [
            87.21092298818611,
            -415.9086867261389
          ],
          [
            78.88196534447047,
            -424.0561964722338
          ],
          [
            67.71257058616948,
            -428.50389493135907
          ],
          [
            55.3611112090508,
            -427.2984021098267
          ],
          [
            44.65358444846256,
            -421.8766330670396
          ],
          [
            35.88677688522743,
            -414.3132248506339
          ],
          [
            28.580909734549817,
            -405.65224583070506
          ],
          [
            22.205823999747224,
            -396.263500212839
          ],
          [
            16.500049349663712,
            -386.5344559465582
          ],
          [
            11.15043942521044,
            -376.7036580150892
          ],
          [
            5.874595588515053,
            -366.8491231736686
          ],
          [
            0.5054104351349697,
            -357.0560735730473
          ],
          [
            -4.872806086583681,
            -347.3334821230483
          ],
          [
            -10.193968316659957,
            -337.69390138220115
          ],
          [
            -15.535896657937139,
            -328.1754475586276
          ],
          [
            -20.94811781947347,
            -318.762774930539
          ],
          [
            -26.53964144632795,
            -309.48751080919254
          ],
          [
            -32.74582110870595,
            -300.3496795403807
          ],
          [
            -39.859227546709185,
            -291.79995540538965
          ],
          [
            -47.69204342429178,
            -283.93532738505274
          ],
          [
            -56.00010403430851,
            -276.6693781044917
          ],
          [
            -64.66613266808353,
            -269.8168585679943
          ],
          [
            -73.62973835623286,
            -263.3599795737454
          ],
          [
            -82.86100720025793,
            -257.3073486479996
          ],
          [
            -92.32180917161412,
            -251.65163265861145
          ],
          [
            -102.01487816126999,
            -246.42891961212214
          ],
          [
            -111.8812055226555,
            -241.59256537618418
          ],
          [
            -121.85502241151411,
            -237.07049483723537
          ],
          [
            -131.8733126107454,
            -232.72859158478238
          ],
          [
            -141.84617329622918,
            -228.4917957981173
          ],
          [
            -151.85014495220574,
            -224.3548087858844
          ],
          [
            -161.98596656035323,
            -220.3414863568833
          ],
          [
            -172.36308439984467,
            -216.762293588602
          ],
          [
            -183.04333019454685,
            -214.08695264406055
          ],
          [
            -194.03485516425587,
            -212.56396301166316
          ],
          [
            -205.17635282019964,
            -212.22876027080565
          ],
          [
            -216.32641631935815,
            -212.88051651135245
          ],
          [
            -227.35137834270705,
            -214.56344799067264
          ],
          [
            -238.1331598167913,
            -217.47196845572975
          ],
          [
            -248.5455154295029,
            -221.57018221514807
          ],
          [
            -258.54380839497315,
            -226.5467502231885
          ],
          [
            -268.23712810263316,
            -231.99092081712828
          ],
          [
            -277.87105137179793,
            -237.48207346613853
          ],
          [
            -287.47692970457103,
            -242.95405372143188
          ],
          [
            -297.05322511689457,
            -248.40163644589296
          ],
          [
            -306.630398356892,
            -253.80601550858628
          ],
          [
            -316.21615253907487,
            -259.18081116707634
          ],
          [
            -325.82529655386713,
            -264.515933864895
          ],
          [
            -335.4583382653028,
            -269.80584150258903
          ],
          [
            -345.1419605181683,
            -274.99433347128627
          ],
          [
            -354.9903309036108,
            -279.9646926217122
          ],
          [
            -365.0871513661937,
            -284.47034087046444
          ],
          [
            -375.4577204111285,
            -288.34392182014074
          ],
          [
            -386.00795808734154,
            -291.6722531963194
          ],
          [
            -396.70225302924655,
            -294.4899102787578
          ],
          [
            -407.4942372348947,
            -296.83222403407785
          ],
          [
            -418.35464232201525,
            -298.7028350452088
          ],
          [
            -429.28481263485776,
            -300.20893130312913
          ],
          [
            -440.2329646598553,
            -301.5574315979509
          ],
          [
            -451.15906258239494,
            -302.8868618793488
          ],
          [
            -462.0491350095052,
            -304.215661962838
          ],
          [
            -472.9059179722689,
            -305.55039877450713
          ],
          [
            -483.77356430813194,
            -306.86923467062456
          ],
          [
            -494.5872645407409,
            -308.15265306928256
          ],
          [
            -505.36631841981983,
            -309.355360031993
          ],
          [
            -516.3171637113913,
            -310.4361411438233
          ],
          [
            -527.3714441476956,
            -311.119801516015
          ],
          [
            -538.4922704757241,
            -310.58057250014184
          ],
          [
            -549.3673566557953,
            -308.17710397333116
          ],
          [
            -559.7836632457618,
            -304.1741046568239
          ],
          [
            -569.8868965707909,
            -299.55606086290425
          ],
          [
            -580.1120261388843,
            -295.2303656491237
          ],
          [
            -590.9117696513429,
            -292.1953131959803
          ],
          [
            -602.3360985922883,
            -291.5153126982793
          ],
          [
            -613.7487139346639,
            -293.3454919775423
          ],
          [
            -624.3775049147616,
            -297.5766192914842
          ],
          [
            -633.6668249508807,
            -303.95055805911267
          ],
          [
            -642.1364893582003,
            -311.2567236443129
          ],
          [
            -650.3458653895361,
            -318.6765351339579
          ],
          [
            -658.3133663320846,
            -326.383633640335
          ],
          [
            -665.8623014038191,
            -334.56900287332275
          ],
          [
            -672.4924316734745,
            -343.5293695027731
          ],
          [
            -677.9640119364257,
            -353.1791147745236
          ],
          [
            -682.5294269239831,
            -363.24943896348134
          ],
          [
            -686.499858951313,
            -373.54089970620737
          ],
          [
            -690.4939497376811,
            -383.79456196893574
          ],
          [
            -695.1361523722378,
            -393.88385537328537
          ],
          [
            -701.0135934134372,
            -403.4019532861059
          ],
          [
            -708.4576059365041,
            -411.7724867209459
          ],
          [
            -717.1114044785729,
            -418.813676141539
          ],
          [
            -726.3774137083851,
            -424.8645657806898
          ],
          [
            -735.6740167180104,
            -430.74097540647324
          ],
          [
            -744.913978073051,
            -436.7602895295791
          ],
          [
            -753.9682947930282,
            -443.32862277342014
          ],
          [
            -762.0781462918299,
            -451.1555960520954
          ],
          [
            -768.5891799499382,
            -460.4673066639281
          ],
          [
            -773.1519796169346,
            -470.8342855163114
          ],
          [
            -775.95991403288,
            -481.67579235332386
          ],
          [
            -778.4775786805457,
            -492.41142516509933
          ],
          [
            -781.9606864926611,
            -503.0454631138102
          ],
          [
            -788.0710801250667,
            -512.6068612570557
          ],
          [
            -796.5673859341143,
            -520.2860026491416
          ],
          [
            -806.6915705777382,
            -525.6210019667088
          ],
          [
            -817.5797939771927,
            -528.5240200625774
          ],
          [
            -828.5245605386888,
            -530.6218448106009
          ],
          [
            -839.4757744188486,
            -532.5188339306239
          ],
          [
            -850.4140968743053,
            -534.377286795543
          ],
          [
            -861.3334482635416,
            -536.1984161569229
          ],
          [
            -872.270154707392,
            -538.1093304920498
          ],
          [
            -883.1944982603846,
            -540.1503304795532
          ],
          [
            -893.8967571741916,
            -542.1837905852996
          ],
          [
            -904.5294686541456,
            -544.2171276269632
          ],
          [
            -915.186561419169,
            -546.257604402132
          ],
          [
            -925.7694411550756,
            -548.3307094387839
          ],
          [
            -936.3302944906918,
            -550.5323832644148
          ],
          [
            -947.0222921633568,
            -553.3439363458718
          ],
          [
            -957.3110825821642,
            -557.8650184509219
          ],
          [
            -966.5845373652714,
            -564.5223361213962
          ],
          [
            -974.2006067035758,
            -573.1404155674085
          ],
          [
            -979.6082445687123,
            -583.2285108151802
          ],
          [
            -982.9492200266383,
            -594.072751462799
          ],
          [
            -984.2635586434405,
            -605.2481739945537
          ],
          [
            -984.548615595259,
            -616.2211286231994
          ],
          [
            -985.1917398054159,
            -627.2873595865965
          ],
          [
            -986.84041938419,
            -638.3851042107962
          ],
          [
            -990.2261856281228,
            -649.1122270392802
          ],
          [
            -995.1302556215196,
            -659.1966355453178
          ],
          [
            -1001.4450807579677,
            -668.470796231613
          ],
          [
            -1008.9480760421404,
            -676.7734095961017
          ],
          [
            -1017.2651127568738,
            -684.1322032534184
          ],
          [
            -1026.0391342600153,
            -690.8985930110262
          ],
          [
            -1034.9980267784213,
            -697.4149540276434
          ],
          [
            -1043.962159647531,
            -703.8988878121264
          ],
          [
            -1052.9244869120107,
            -710.3987578572601
          ],
          [
            -1061.8905448660921,
            -716.9082306308914
          ],
          [
            -1070.8668774703383,
            -723.4368812289049
          ],
          [
            -1079.8565473526864,
            -730.0081072870528
          ],
          [
            -1088.820777080992,
            -736.5873214798248
          ],
          [
            -1097.7661410232008,
            -743.1775104500447
          ],
          [
            -1106.6645443798468,
            -749.7585208810851
          ],
          [
            -1115.5719444668848,
            -756.3581511484197
          ],
          [
            -1124.4704729260266,
            -762.9385177806433
          ],
          [
            -1133.403586438425,
            -769.4688686592006
          ],
          [
            -1142.369749207734,
            -775.9584055656989
          ],
          [
            -1151.319222155158,
            -782.4391136150524
          ],
          [
            -1160.2363936950262,
            -788.925570965159
          ],
          [
            -1169.151296898188,
            -795.4575994902667
          ],
          [
            -1177.9824982440293,
            -801.95372809977
          ],
          [
            -1186.7535661614272,
            -808.4063443280729
          ],
          [
            -1195.5362973769427,
            -814.8768074099258
          ],
          [
            -1204.3375545888955,
            -821.3601809950333
          ],
          [
            -1213.177305108844,
            -827.8310522987441
          ],
          [
            -1222.0337833542042,
            -834.2904332449921
          ],
          [
            -1230.876680859589,
            -840.7743521655028
          ],
          [
            -1239.6928191904826,
            -847.2891177070406
          ],
          [
            -1248.4838928926883,
            -853.8461659904311
          ],
          [
            -1257.2413248313076,
            -860.4510354657939
          ],
          [
            -1265.9247402531719,
            -867.1686133088193
          ],
          [
            -1274.4429997547209,
            -874.0902638541232
          ],
          [
            -1282.7336098062613,
            -881.2879886351903
          ],
          [
            -1290.723434428364,
            -888.8214028016597
          ],
          [
            -1298.390735374986,
            -896.6876476039545
          ],
          [
            -1305.7994065531227,
            -904.7971443803938
          ],
          [
            -1312.9379337328667,
            -913.1311086454904
          ],
          [
            -1319.8500707874678,
            -921.658827493475
          ],
          [
            -1326.6561519146746,
            -930.3050685118726
          ],
          [
            -1333.469611336361,
            -938.9674843237989
          ],
          [
            -1340.2736202186009,
            -947.6394898376494
          ],
          [
            -1347.042894655179,
            -956.3488093512943
          ],
          [
            -1353.7706161972383,
            -965.093061913369
          ],
          [
            -1360.470351845146,
            -973.8665691756935
          ],
          [
            -1367.165195862673,
            -982.6546113100261
          ],
          [
            -1373.87213243495,
            -991.4499180409879
          ],
          [
            -1380.577822744895,
            -1000.2450435126638
          ],
          [
            -1387.2901895567932,
            -1009.0100351569724
          ],
          [
            -1393.9866710739134,
            -1017.7339766308016
          ],
          [
            -1400.641454992069,
            -1026.4187613319466
          ],
          [
            -1407.2799631773173,
            -1035.118346100629
          ],
          [
            -1413.9282932852745,
            -1043.834854580228
          ],
          [
            -1420.5618490832796,
            -1052.551995896873
          ],
          [
            -1427.1796023130373,
            -1061.286067443557
          ],
          [
            -1433.7577588374747,
            -1069.9759602938668
          ],
          [
            -1440.3113677699462,
            -1078.5390079202487
          ],
          [
            -1446.9212017304544,
            -1087.068267587941
          ],
          [
            -1453.565032928217,
            -1095.5882448957686
          ],
          [
            -1460.2686292441874,
            -1104.155348708642
          ],
          [
            -1466.9962820466776,
            -1112.7359516741317
          ],
          [
            -1473.741877030749,
            -1121.3569363753322
          ],
          [
            -1480.4826698503355,
            -1130.016024466902
          ],
          [
            -1487.1970418150765,
            -1138.7364769476812
          ],
          [
            -1493.5524508756805,
            -1147.8001706154353
          ],
          [
            -1499.0569245747308,
            -1157.4889476943101
          ],
          [
            -1503.534099906533,
            -1167.714550694278
          ],
          [
            -1506.8030299035706,
            -1178.3630877026274
          ],
          [
            -1508.7797440364923,
            -1189.291796195445
          ],
          [
            -1509.822673955455,
            -1200.3037965676565
          ],
          [
            -1510.6962107399638,
            -1211.2961669260312
          ],
          [
            -1511.3679696617276,
            -1222.2999505193293
          ],
          [
            -1511.9269047126393,
            -1233.2943492045285
          ],
          [
            -1512.4932012255479,
            -1244.2896598452242
          ],
          [
            -1512.9863049803523,
            -1255.3217901916626
          ],
          [
            -1513.3120968697554,
            -1266.3979721604994
          ],
          [
            -1513.1019289954002,
            -1277.5232947921857
          ],
          [
            -1511.86257868408,
            -1288.6192869605918
          ],
          [
            -1509.3010357401743,
            -1299.4954431604663
          ],
          [
            -1505.5266766913028,
            -1310.0000577890496
          ],
          [
            -1500.8780920082954,
            -1320.158845157688
          ],
          [
            -1496.072920025806,
            -1330.2504575272314
          ],
          [
            -1491.3197241571363,
            -1340.3052045471036
          ],
          [
            -1486.5796513581881,
            -1350.356120118255
          ],
          [
            -1481.8572837167865,
            -1360.4047712518666
          ],
          [
            -1477.161413111292,
            -1370.450851671412
          ],
          [
            -1472.5253658198444,
            -1380.4602410159782
          ],
          [
            -1467.945721499965,
            -1390.4367926200025
          ],
          [
            -1463.3910007681434,
            -1400.4410500130787
          ],
          [
            -1458.9513244611444,
            -1410.5257242072234
          ],
          [
            -1454.7537441039742,
            -1420.7451769643292
          ],
          [
            -1450.9575829563673,
            -1431.140485880821
          ],
          [
            -1447.6952292485253,
            -1441.7238804895208
          ],
          [
            -1445.0233946114856,
            -1452.4654584044142
          ],
          [
            -1442.8854089769666,
            -1463.3152235693458
          ],
          [
            -1440.9689319996417,
            -1474.2034051302037
          ],
          [
            -1439.0967078339133,
            -1485.0858427296234
          ],
          [
            -1437.2325553715386,
            -1495.963852677984
          ],
          [
            -1435.3891876859411,
            -1506.8335355727447
          ],
          [
            -1433.5745303471297,
            -1517.6829966321527
          ],
          [
            -1431.7699660348987,
            -1528.5142238321469
          ],
          [
            -1429.9583975020885,
            -1539.3370954309332
          ],
          [
            -1428.1350025268516,
            -1550.1633807425496
          ],
          [
            -1426.3258769138006,
            -1560.9971028234802
          ],
          [
            -1424.5683006020315,
            -1571.8529740860101
          ],
          [
            -1422.9599569139777,
            -1582.7535744718227
          ],
          [
            -1421.6682399164242,
            -1593.7070624550472
          ],
          [
            -1420.7063555984957,
            -1604.7185665815703
          ],
          [
            -1420.0819434116547,
            -1615.75667501835
          ],
          [
            -1419.842489813595,
            -1626.8103440084876
          ],
          [
            -1419.9800611429905,
            -1637.8714743159194
          ],
          [
            -1420.376362230836,
            -1648.90265871313
          ],
          [
            -1420.942303023208,
            -1659.9282159138324
          ],
          [
            -1421.5992124246634,
            -1670.9545572697855
          ],
          [
            -1422.3079490018163,
            -1681.9747049661598
          ],
          [
            -1423.006595709884,
            -1692.9927175811824
          ],
          [
            -1423.6854757031394,
            -1703.9977724640091
          ],
          [
            -1424.3584917171886,
            -1714.9825378680832
          ],
          [
            -1425.037963979888,
            -1725.9659351244982
          ],
          [
            -1425.7194920405693,
            -1736.9533888596116
          ],
          [
            -1426.3849483222243,
            -1747.9417170071176
          ],
          [
            -1427.0897427133684,
            -1758.9287815460898
          ],
          [
            -1427.8659453755345,
            -1769.9169265328624
          ],
          [
            -1428.7846521477256,
            -1780.9044401429553
          ],
          [
            -1429.947700895065,
            -1791.8772911960355
          ],
          [
            -1431.3424612349638,
            -1802.8290542893128
          ],
          [
            -1433.032295919825,
            -1813.7478448072256
          ],
          [
            -1435.0204805242138,
            -1824.6220300879852
          ],
          [
            -1437.25097533268,
            -1835.447674220556
          ],
          [
            -1439.6907838580357,
            -1846.216161022332
          ],
          [
            -1442.2692539505829,
            -1856.935058057947
          ],
          [
            -1444.954987102036,
            -1867.6316061381197
          ],
          [
            -1447.7417999478762,
            -1878.3037410837471
          ],
          [
            -1450.6692255714458,
            -1888.939929717589
          ],
          [
            -1453.7767043367264,
            -1899.5233495390878
          ],
          [
            -1457.079308229323,
            -1910.046844935064
          ],
          [
            -1460.5576442470272,
            -1920.5098995624792
          ],
          [
            -1464.1915827703408,
            -1930.9165012574133
          ],
          [
            -1467.9600325187619,
            -1941.282352326112
          ],
          [
            -1471.8483068862813,
            -1951.6022483513234
          ],
          [
            -1475.8454809944042,
            -1961.8810865763453
          ],
          [
            -1479.955389663992,
            -1972.115168692839
          ],
          [
            -1484.2189561389123,
            -1982.2881584186089
          ],
          [
            -1488.5817187944053,
            -1992.4142765446222
          ],
          [
            -1492.9359050225141,
            -2002.5451872556823
          ],
          [
            -1497.25510576678,
            -2012.6909281859892
          ],
          [
            -1501.584820337442,
            -2022.834077440367
          ],
          [
            -1505.9348872757275,
            -2032.9663988071734
          ],
          [
            -1510.314188763944,
            -2043.0670364527505
          ],
          [
            -1514.6975237076451,
            -2053.134914069549
          ],
          [
            -1519.052539732606,
            -2063.200822491582
          ],
          [
            -1523.3617505706948,
            -2073.2888157426905
          ],
          [
            -1527.6192310006757,
            -2083.397741091945
          ],
          [
            -1531.8112478689113,
            -2093.5351142211757
          ],
          [
            -1535.9148602914622,
            -2103.712896779576
          ],
          [
            -1539.8894355201705,
            -2113.9577129217496
          ],
          [
            -1543.6945578967675,
            -2124.268681503346
          ],
          [
            -1547.3564089343115,
            -2134.643448871515
          ],
          [
            -1550.998034938348,
            -2145.0248425967156
          ],
          [
            -1554.7025578905407,
            -2155.384464101842
          ],
          [
            -1558.4510003017554,
            -2165.7347533475654
          ],
          [
            -1562.2281190079434,
            -2176.0757584838725
          ],
          [
            -1566.0152064276886,
            -2186.403041356695
          ],
          [
            -1569.7802920785143,
            -2196.7265794803106
          ],
          [
            -1573.5131008333167,
            -2207.0497700587093
          ],
          [
            -1577.2448302642526,
            -2217.37069615781
          ],
          [
            -1580.9863869787212,
            -2227.68144034371
          ],
          [
            -1584.7312868875954,
            -2237.988402952471
          ],
          [
            -1588.4962032326805,
            -2248.2873908533297
          ],
          [
            -1592.2873538386812,
            -2258.569370262756
          ],
          [
            -1596.090809451868,
            -2268.701033622105
          ],
          [
            -1600.030172264944,
            -2278.8094106754565
          ],
          [
            -1604.2038992774528,
            -2288.967973973728
          ],
          [
            -1608.6558307598946,
            -2299.039541705083
          ],
          [
            -1613.5206126663757,
            -2308.9311871860464
          ],
          [
            -1618.897697391191,
            -2318.563801905374
          ],
          [
            -1624.7255733901366,
            -2327.936103153328
          ],
          [
            -1630.9863384333512,
            -2337.040646258289
          ],
          [
            -1637.5148266295482,
            -2345.9944611378005
          ],
          [
            -1644.2404960959148,
            -2354.8252745722352
          ],
          [
            -1651.2575568346826,
            -2363.430775210454
          ],
          [
            -1658.6152347011548,
            -2371.733719111719
          ],
          [
            -1666.2818627127087,
            -2379.776024208282
          ],
          [
            -1674.301022706822,
            -2387.4763289833472
          ],
          [
            -1682.637876865395,
            -2394.8292005155267
          ],
          [
            -1691.2204868318343,
            -2401.877997173772
          ],
          [
            -1700.0472745405482,
            -2408.5928536245015
          ],
          [
            -1709.118555982783,
            -2414.956824984259
          ],
          [
            -1718.4078857907539,
            -2421.002588498962
          ],
          [
            -1727.904787238626,
            -2426.700249162506
          ],
          [
            -1737.591056013582,
            -2432.0674695813473
          ],
          [
            -1747.44511584735,
            -2437.1085439426656
          ],
          [
            -1757.4079587392853,
            -2441.8865047416707
          ],
          [
            -1767.3429888311668,
            -2446.595994474774
          ],
          [
            -1777.232742782067,
            -2451.3508696871354
          ],
          [
            -1787.110840299461,
            -2456.1309817038164
          ],
          [
            -1796.995102286728,
            -2460.900878501742
          ],
          [
            -1806.8654716647502,
            -2465.6539309811556
          ],
          [
            -1816.684861966488,
            -2470.358569425501
          ],
          [
            -1826.46785280414,
            -2475.025413288793
          ],
          [
            -1836.226786888982,
            -2479.709855572486
          ],
          [
            -1845.9710929362307,
            -2484.4583130273663
          ],
          [
            -1855.6056401169603,
            -2489.3623423217587
          ],
          [
            -1864.9452893837922,
            -2495.0076801652035
          ],
          [
            -1873.2808615964013,
            -2502.1630766459252
          ],
          [
            -1880.254164677063,
            -2510.839226114377
          ],
          [
            -1885.6143651540328,
            -2520.698381390458
          ],
          [
            -1889.014955602372,
            -2531.507416175738
          ],
          [
            -1890.1980586963332,
            -2542.9075885100424
          ],
          [
            -1889.3178599255282,
            -2554.308544897968
          ],
          [
            -1886.2986722132734,
            -2565.4245324034778
          ],
          [
            -1881.158070634078,
            -2575.7208259141375
          ],
          [
            -1874.2680628233904,
            -2584.8062049294026
          ],
          [
            -1865.9362096412067,
            -2592.517881827226
          ],
          [
            -1856.5235671181451,
            -2598.68351029295
          ],
          [
            -1846.4410401197813,
            -2603.388772267865
          ],
          [
            -1836.0166841617806,
            -2607.2538951906763
          ],
          [
            -1825.7005255147817,
            -2611.1169126627924
          ],
          [
            -1815.461684895526,
            -2614.9916485159256
          ],
          [
            -1805.131011581559,
            -2618.899550597788
          ],
          [
            -1794.7636020548475,
            -2622.8186225152094
          ],
          [
            -1784.3569381928405,
            -2626.7571677923565
          ],
          [
            -1773.932822365764,
            -2630.6851808386486
          ],
          [
            -1763.5119800075875,
            -2634.5880877004624
          ],
          [
            -1753.1074522080112,
            -2638.4709818530073
          ],
          [
            -1742.7398261313087,
            -2642.33693264022
          ],
          [
            -1732.5302382159705,
            -2646.1568587770303
          ],
          [
            -1722.367803327117,
            -2649.968597885068
          ],
          [
            -1712.170386793873,
            -2653.810472929885
          ],
          [
            -1701.9534715159405,
            -2657.7060670029273
          ],
          [
            -1691.7069189586166,
            -2661.6509157025744
          ],
          [
            -1681.4856904548358,
            -2665.6682545983767
          ],
          [
            -1671.317971868435,
            -2669.8239139043135
          ],
          [
            -1661.2160110360371,
            -2674.1203478992393
          ],
          [
            -1651.192009272414,
            -2678.6238824012407
          ],
          [
            -1641.2228251480826,
            -2683.3511567915657
          ],
          [
            -1631.3413488927351,
            -2688.337491043561
          ],
          [
            -1621.7059379430245,
            -2693.82781194521
          ],
          [
            -1612.5424124514132,
            -2700.104694360667
          ],
          [
            -1603.933470935206,
            -2707.089378837451
          ],
          [
            -1595.6977346299218,
            -2714.4972229760033
          ],
          [
            -1587.5159346459575,
            -2721.9387220245117
          ],
          [
            -1579.2743503588656,
            -2729.2781783108007
          ],
          [
            -1570.9857982956682,
            -2736.551932835869
          ],
          [
            -1562.568005258681,
            -2743.715676479971
          ],
          [
            -1553.94327748319,
            -2750.6361286441415
          ],
          [
            -1544.9298838181278,
            -2757.012803589916
          ],
          [
            -1535.5642930103206,
            -2762.846010439762
          ],
          [
            -1526.0663091123097,
            -2768.445041040177
          ],
          [
            -1516.5691850322225,
            -2774.0056314575922
          ],
          [
            -1507.090799424485,
            -2779.605218046948
          ],
          [
            -1497.6843793238738,
            -2785.393891216814
          ],
          [
            -1488.4932518104383,
            -2791.5683373099137
          ],
          [
            -1479.687515133045,
            -2798.2859614531335
          ],
          [
            -1471.3000264021061,
            -2805.522189442991
          ],
          [
            -1463.2717434216918,
            -2813.1651330793766
          ],
          [
            -1455.4369242746286,
            -2821.031867409216
          ],
          [
            -1447.5914326456336,
            -2828.921783756633
          ],
          [
            -1439.7166373972314,
            -2836.7717339211754
          ],
          [
            -1431.8110417278938,
            -2844.5785414994484
          ],
          [
            -1423.8901707591128,
            -2852.3694583315287
          ],
          [
            -1416.0231677078352,
            -2860.1839217456904
          ],
          [
            -1408.2696123870385,
            -2867.9426674006095
          ],
          [
            -1400.5722349330176,
            -2875.668971366657
          ],
          [
            -1392.8415882952272,
            -2883.3917161776403
          ],
          [
            -1385.0472871414509,
            -2891.0792987034656
          ],
          [
            -1377.2058282098972,
            -2898.73274254157
          ],
          [
            -1369.2913183156334,
            -2906.367959570865
          ],
          [
            -1361.2745282656372,
            -2913.929792496742
          ],
          [
            -1353.0268336146555,
            -2921.2725240579084
          ],
          [
            -1344.495974772808,
            -2928.252952956995
          ],
          [
            -1335.7517965896377,
            -2934.9380052714946
          ],
          [
            -1326.8902858332476,
            -2941.452828019609
          ],
          [
            -1317.9863337365907,
            -2947.9108654406746
          ],
          [
            -1309.1033722347747,
            -2954.406947104779
          ],
          [
            -1300.3094187027004,
            -2961.034373690881
          ],
          [
            -1291.6514524142021,
            -2967.8502501705757
          ],
          [
            -1283.1412421502557,
            -2974.850859856948
          ],
          [
            -1274.8439278710368,
            -2982.0979027037547
          ],
          [
            -1266.7598250557198,
            -2989.57813609688
          ],
          [
            -1258.8328395548513,
            -2997.2201222333442
          ],
          [
            -1251.0362320232607,
            -3004.995263630937
          ],
          [
            -1243.3756510417577,
            -3012.9077376802993
          ],
          [
            -1235.8296440793024,
            -3020.959197829259
          ],
          [
            -1228.4048550607492,
            -3029.1487075980835
          ],
          [
            -1221.2488698200843,
            -3037.5873028305086
          ],
          [
            -1214.5963775003402,
            -3046.425996651931
          ],
          [
            -1208.4590688416815,
            -3055.633853097678
          ],
          [
            -1202.7371653203109,
            -3065.1117295765785
          ],
          [
            -1197.4109625327926,
            -3074.809325116163
          ],
          [
            -1192.4485876851802,
            -3084.68316523408
          ],
          [
            -1187.7558498633125,
            -3094.6789896698515
          ],
          [
            -1183.1669038739903,
            -3104.713584846531
          ],
          [
            -1178.5411759357203,
            -3114.719047037281
          ],
          [
            -1173.9082080253954,
            -3124.7128486315096
          ],
          [
            -1169.3380387091893,
            -3134.726891314678
          ],
          [
            -1164.80486689961,
            -3144.7442527403327
          ],
          [
            -1160.3039540200273,
            -3154.756279614148
          ],
          [
            -1155.873265223953,
            -3164.6884110253714
          ],
          [
            -1151.4992779579427,
            -3174.537495174471
          ],
          [
            -1147.0972646384073,
            -3184.4323305909616
          ],
          [
            -1142.6406712853056,
            -3194.398188021568
          ],
          [
            -1138.2146718055471,
            -3204.5176329340434
          ],
          [
            -1134.2098781353923,
            -3214.9037394435304
          ],
          [
            -1131.582990397007,
            -3225.7919962303035
          ],
          [
            -1130.7684928827055,
            -3236.9948164066172
          ],
          [
            -1130.9689670720052,
            -3248.13965475149
          ],
          [
            -1131.2210410246958,
            -3259.243884118911
          ],
          [
            -1131.4678732621448,
            -3270.3177754201174
          ],
          [
            -1131.7256908555269,
            -3281.3480880556076
          ],
          [
            -1131.9402921621172,
            -3292.2736955392916
          ],
          [
            -1132.0786056325137,
            -3303.1143627048646
          ],
          [
            -1132.1415130238952,
            -3313.911547911947
          ],
          [
            -1131.8961066040615,
            -3324.7800464292827
          ],
          [
            -1130.8289374325586,
            -3335.6652195333686
          ],
          [
            -1128.3581369864676,
            -3346.4762671061158
          ],
          [
            -1124.1675237003412,
            -3356.788031237415
          ],
          [
            -1118.621319950942,
            -3366.4610572656
          ],
          [
            -1111.623173471666,
            -3375.2177768091005
          ],
          [
            -1103.4066055870271,
            -3382.811546805678
          ],
          [
            -1094.313702663875,
            -3389.1045709846717
          ],
          [
            -1084.7489789325507,
            -3394.64088289855
          ],
          [
            -1075.246252936709,
            -3400.315093908528
          ],
          [
            -1065.9152763204033,
            -3406.3436411715647
          ],
          [
            -1057.342795734831,
            -3413.6986922308047
          ],
          [
            -1050.2629032439238,
            -3422.606412021939
          ],
          [
            -1044.5772550094198,
            -3432.292315925955
          ],
          [
            -1040.0458743361744,
            -3442.567705002894
          ],
          [
            -1037.1080768279082,
            -3453.5487013190827
          ],
          [
            -1037.43054990228,
            -3465.2158671056286
          ],
          [
            -1042.1657666664057,
            -3475.679421200787
          ],
          [
            -1049.251400457838,
            -3484.3732161243624
          ],
          [
            -1056.5777719336882,
            -3492.705459006804
          ],
          [
            -1063.0172441850862,
            -3502.038176143598
          ],
          [
            -1066.5107611473577,
            -3512.939576988223
          ],
          [
            -1066.7641422267238,
            -3524.440513259113
          ],
          [
            -1063.7028804874121,
            -3535.5392408160837
          ],
          [
            -1058.040262980495,
            -3545.2606290639437
          ],
          [
            -1050.622260122893,
            -3553.571404653816
          ],
          [
            -1042.635046698817,
            -3561.3005822692357
          ],
          [
            -1034.5333929113651,
            -3568.833134189262
          ],
          [
            -1026.2741668779906,
            -3576.1206023811865
          ],
          [
            -1017.8898295362308,
            -3583.2723125089424
          ],
          [
            -1009.3595815604127,
            -3590.2631984972963
          ],
          [
            -1000.6848927721767,
            -3597.1234209377603
          ],
          [
            -991.8927893765514,
            -3603.802982278015
          ],
          [
            -982.9889378632649,
            -3610.3252353507514
          ],
          [
            -973.9514168306644,
            -3616.6550952801913
          ],
          [
            -964.8801153242938,
            -3622.9193657595924
          ],
          [
            -955.8539884572853,
            -3629.198721872315
          ],
          [
            -946.8673984116949,
            -3635.516147851089
          ],
          [
            -937.8764929438931,
            -3641.8308372711235
          ],
          [
            -928.9158105479604,
            -3648.2002715848494
          ],
          [
            -920.0109619015392,
            -3654.6723919678457
          ],
          [
            -911.1392023026336,
            -3661.219886814843
          ],
          [
            -902.3235202910173,
            -3667.8798060307854
          ],
          [
            -893.7484534183297,
            -3674.873437207504
          ],
          [
            -885.6009420432347,
            -3682.3666600704996
          ],
          [
            -877.8505600693252,
            -3690.2943779580664
          ],
          [
            -870.3495481567745,
            -3698.4744430696032
          ],
          [
            -862.9174399123641,
            -3706.6905796149904
          ],
          [
            -855.4742184129965,
            -3714.8735964717744
          ],
          [
            -848.0343490503154,
            -3723.018193726052
          ],
          [
            -840.6131238024477,
            -3731.1459422535227
          ],
          [
            -833.2413203787729,
            -3739.2850915674835
          ],
          [
            -825.8404299771315,
            -3747.3998602060105
          ],
          [
            -818.3461688552286,
            -3755.4423992227826
          ],
          [
            -810.6923701608217,
            -3763.33223353504
          ],
          [
            -802.8235688416047,
            -3771.000523447193
          ],
          [
            -794.7333652412327,
            -3778.435256717273
          ],
          [
            -786.4610222971984,
            -3785.692562874442
          ],
          [
            -778.1554455417438,
            -3792.909093541022
          ],
          [
            -769.8960916163593,
            -3800.177627573209
          ],
          [
            -761.6741018829279,
            -3807.485428278861
          ],
          [
            -753.4687288468767,
            -3814.80830451192
          ],
          [
            -745.2769713419863,
            -3822.1230431732615
          ],
          [
            -737.0869836535213,
            -3829.4175919864965
          ],
          [
            -728.9000149877359,
            -3836.712676791474
          ],
          [
            -720.7264829379241,
            -3844.006939184796
          ],
          [
            -712.5367859927862,
            -3851.2919999452374
          ],
          [
            -704.3636293174009,
            -3858.6038253673546
          ],
          [
            -696.2411602846721,
            -3865.9843532153927
          ],
          [
            -688.2345360315308,
            -3873.527342680431
          ],
          [
            -680.4599748002512,
            -3881.3384867992304
          ],
          [
            -673.0291394144173,
            -3889.471714157921
          ],
          [
            -665.9288609481085,
            -3897.888340904944
          ],
          [
            -659.1343901476665,
            -3906.558833189186
          ],
          [
            -652.5338041854877,
            -3915.369397715298
          ],
          [
            -645.9720037502293,
            -3924.189158116464
          ],
          [
            -639.41348623402,
            -3933.00481435007
          ],
          [
            -632.8599128105129,
            -3941.814912795855
          ],
          [
            -626.3215829080963,
            -3950.6409088218443
          ],
          [
            -619.878397975256,
            -3959.5293462771847
          ],
          [
            -613.5195738579974,
            -3968.473331041155
          ],
          [
            -607.3676822837042,
            -3977.582437722668
          ],
          [
            -601.8391114430382,
            -3987.1098040571983
          ],
          [
            -597.1948257693216,
            -3997.156985483078
          ],
          [
            -593.5095767127366,
            -4007.6118227187194
          ],
          [
            -590.7443863569969,
            -4018.3264068409135
          ],
          [
            -588.9041216656974,
            -4029.201146364094
          ],
          [
            -588.0237925358346,
            -4040.2019862701472
          ],
          [
            -588.1178469282139,
            -4051.246756628292
          ],
          [
            -589.166120388381,
            -4062.222200843847
          ],
          [
            -591.0934565870111,
            -4073.0247424667864
          ],
          [
            -593.5278665052732,
            -4083.7076824912574
          ],
          [
            -595.9463993421206,
            -4094.396160383405
          ],
          [
            -598.34002695351,
            -4105.116787493882
          ],
          [
            -600.7498529974217,
            -4115.866009595122
          ],
          [
            -603.1725837929766,
            -4126.624216620879
          ],
          [
            -605.5996846148054,
            -4137.32972396688
          ],
          [
            -608.0142940908925,
            -4148.005747349083
          ],
          [
            -610.3752642095498,
            -4158.563331073102
          ],
          [
            -612.7370692464848,
            -4169.07382737251
          ],
          [
            -615.144259588243,
            -4179.6549715632655
          ],
          [
            -617.7200681833426,
            -4190.336364780461
          ],
          [
            -621.0766970273726,
            -4200.975350683735
          ],
          [
            -626.8084093902306,
            -4210.82622053655
          ],
          [
            -635.2253794188814,
            -4218.837700014953
          ],
          [
            -645.2526312784929,
            -4224.630886310135
          ],
          [
            -656.0875763172568,
            -4228.2457585714565
          ],
          [
            -667.3505558514876,
            -4229.844673988928
          ],
          [
            -678.6046120843919,
            -4229.820227522932
          ],
          [
            -689.6605678546538,
            -4229.30521174921
          ],
          [
            -700.6482251949535,
            -4228.880579733103
          ],
          [
            -711.657421640419,
            -4228.913313057102
          ],
          [
            -722.6652057871705,
            -4230.300367306659
          ],
          [
            -733.3640232087729,
            -4233.557587453164
          ],
          [
            -743.3914207544464,
            -4238.525852269865
          ],
          [
            -752.9233840122707,
            -4244.166106463174
          ],
          [
            -762.3518191784061,
            -4249.924491290311
          ],
          [
            -771.6905223343559,
            -4255.789745123845
          ],
          [
            -780.928728310732,
            -4261.710232401609
          ],
          [
            -790.0873167226254,
            -4267.761497020383
          ],
          [
            -799.1527759362051,
            -4273.967887342375
          ],
          [
            -808.0614559979487,
            -4280.411022734322
          ],
          [
            -816.7553663135432,
            -4287.143627121706
          ],
          [
            -825.2812098784625,
            -4294.001281127888
          ],
          [
            -833.6602046752653,
            -4300.837701379395
          ],
          [
            -842.0530652688285,
            -4307.776117135686
          ],
          [
            -850.3554118527398,
            -4314.960564333462
          ],
          [
            -858.121900504105,
            -4322.879343469214
          ],
          [
            -864.6274567034535,
            -4332.025214693641
          ],
          [
            -868.4737877279375,
            -4342.67184233998
          ],
          [
            -869.4705536074079,
            -4354.108299989725
          ],
          [
            -868.1421754568532,
            -4365.510307047226
          ],
          [
            -864.2024018127948,
            -4376.294056563383
          ],
          [
            -857.6053031942672,
            -4385.742946768067
          ],
          [
            -849.0452150234876,
            -4393.138141313288
          ],
          [
            -839.3874286504966,
            -4398.634705987653
          ],
          [
            -829.340890889376,
            -4403.1542408592395
          ],
          [
            -819.3190356190639,
            -4407.517705846243
          ],
          [
            -809.2126676207871,
            -4411.9358111012325
          ],
          [
            -799.0932970045981,
            -4416.535892313903
          ],
          [
            -789.0819080591152,
            -4421.462000757687
          ],
          [
            -779.2270028796414,
            -4426.620955531413
          ],
          [
            -769.4908311979568,
            -4431.744474527506
          ],
          [
            -759.8028013653812,
            -4436.856095453984
          ],
          [
            -750.1404939740876,
            -4442.050667192787
          ],
          [
            -740.5612058621398,
            -4447.408257068375
          ],
          [
            -731.1230584836065,
            -4453.034091658302
          ],
          [
            -721.9878202480663,
            -4459.14061150471
          ],
          [
            -713.1974936546363,
            -4465.7265181209705
          ],
          [
            -704.5118993409501,
            -4472.409494419148
          ],
          [
            -695.8447826172444,
            -4479.117399122928
          ],
          [
            -687.2640171097574,
            -4485.902587228102
          ],
          [
            -678.829802340574,
            -4492.808909618325
          ],
          [
            -670.538418170428,
            -4500.071867153956
          ],
          [
            -662.8380005273053,
            -4508.118259131129
          ],
          [
            -655.9842019245368,
            -4517.068977158365
          ],
          [
            -650.405736808804,
            -4526.951792937662
          ],
          [
            -646.4800541269207,
            -4537.5673074075485
          ],
          [
            -643.9772580688182,
            -4548.486873260348
          ],
          [
            -642.5111164235693,
            -4559.482445001478
          ],
          [
            -641.2480520793007,
            -4570.4786026698785
          ],
          [
            -639.4280680045457,
            -4581.447222635116
          ],
          [
            -636.4627614419785,
            -4592.208202120707
          ],
          [
            -632.1383982600917,
            -4602.486185034539
          ],
          [
            -626.6368825639021,
            -4612.188128251474
          ],
          [
            -620.6402980035887,
            -4621.587299898483
          ],
          [
            -614.6342395092313,
            -4630.92865453411
          ],
          [
            -608.5786755063159,
            -4640.22439350754
          ],
          [
            -602.4836496597877,
            -4649.476387447124
          ],
          [
            -596.3930428964551,
            -4658.639832316992
          ],
          [
            -590.3522745117324,
            -4667.635413786179
          ],
          [
            -584.2058004532234,
            -4676.619392794662
          ],
          [
            -577.7603028458226,
            -4685.529638890181
          ],
          [
            -570.6423439214416,
            -4693.990663570014
          ],
          [
            -562.7323444678059,
            -4701.725294948646
          ],
          [
            -554.2119459912935,
            -4708.783562959405
          ],
          [
            -545.0852676596991,
            -4715.105484813666
          ],
          [
            -535.3422353830633,
            -4720.546507014925
          ],
          [
            -525.1077623631307,
            -4725.051944556223
          ],
          [
            -514.552783480869,
            -4728.639154019095
          ],
          [
            -503.716088221205,
            -4731.412854003658
          ],
          [
            -492.58313949965213,
            -4733.219381880427
          ],
          [
            -481.25880242355623,
            -4733.691001679708
          ],
          [
            -470.0378632102781,
            -4732.557732171028
          ],
          [
            -459.11805641952145,
            -4730.376142856698
          ],
          [
            -448.2722235319874,
            -4728.029487895592
          ],
          [
            -437.45024248451784,
            -4725.399009219798
          ],
          [
            -426.8028821562756,
            -4722.083646354491
          ],
          [
            -416.5308025764774,
            -4717.737503157218
          ],
          [
            -406.760934868274,
            -4712.389047026776
          ],
          [
            -397.4621114660467,
            -4706.285948147154
          ],
          [
            -388.26262582737917,
            -4700.0376965324585
          ],
          [
            -379.09929457366513,
            -4693.776479621693
          ],
          [
            -369.96049397798754,
            -4687.469383932306
          ],
          [
            -360.89402318616254,
            -4681.065856418904
          ],
          [
            -351.9204697429315,
            -4674.545098354677
          ],
          [
            -342.9981656697417,
            -4667.934264721241
          ],
          [
            -334.1035897035009,
            -4661.297924442552
          ],
          [
            -325.2245506598138,
            -4654.697920384312
          ],
          [
            -316.3467109873608,
            -4648.146153034808
          ],
          [
            -307.5725200315076,
            -4641.705843400366
          ],
          [
            -298.8508301511746,
            -4635.327891474596
          ],
          [
            -290.1226701151459,
            -4628.943021786604
          ],
          [
            -281.40318639824835,
            -4622.553764375023
          ],
          [
            -272.74784248195044,
            -4616.122407896005
          ],
          [
            -264.12378631733736,
            -4609.61450374989
          ],
          [
            -255.54038917364502,
            -4602.760080380106
          ],
          [
            -247.64100242240931,
            -4594.981493286616
          ],
          [
            -241.41377489717513,
            -4585.763741286179
          ],
          [
            -237.18397453752382,
            -4575.507853162102
          ],
          [
            -233.7632908337232,
            -4565.145052894417
          ],
          [
            -230.29055752849976,
            -4554.757623359652
          ],
          [
            -225.7231204376454,
            -4544.5282006460975
          ],
          [
            -217.87070312280508,
            -4536.20398774456
          ],
          [
            -207.947954762439,
            -4530.773982271898
          ],
          [
            -196.35443194861705,
            -4528.599227775629
          ],
          [
            -185.12936140649765,
            -4532.035595393644
          ],
          [
            -176.79982183447325,
            -4540.178481319209
          ],
          [
            -170.70769601190196,
            -4549.406785823947
          ],
          [
            -164.98565335743905,
            -4558.726146106505
          ],
          [
            -158.6088781957585,
            -4567.87615054598
          ],
          [
            -150.5201214154683,
            -4575.657460872336
          ],
          [
            -141.1148539360392,
            -4581.818998708172
          ],
          [
            -130.73889774389858,
            -4586.219955788488
          ],
          [
            -119.93154338273699,
            -4589.012128791104
          ],
          [
            -108.9114991591462,
            -4590.688666520858
          ],
          [
            -97.82798680824598,
            -4591.963362373938
          ],
          [
            -86.73765010785065,
            -4593.147694256331
          ],
          [
            -75.65730641191179,
            -4594.122567363188
          ],
          [
            -64.5911844693869,
            -4594.937787063354
          ],
          [
            -53.52184787272313,
            -4595.485605508773
          ],
          [
            -42.45375628034056,
            -4595.759017628426
          ],
          [
            -31.429495238217687,
            -4596.037451675497
          ],
          [
            -20.399424525736258,
            -4596.358267983785
          ],
          [
            -9.406031796993462,
            -4596.707938053294
          ],
          [
            1.5579406693407156,
            -4597.058617152412
          ],
          [
            12.521587776079972,
            -4597.390138766679
          ],
          [
            23.476957761499744,
            -4597.722897260091
          ],
          [
            34.38830848956982,
            -4598.045979456667
          ],
          [
            45.252539940350594,
            -4598.3369971058655
          ],
          [
            56.09270824825508,
            -4598.612834652041
          ],
          [
            66.97454322500315,
            -4598.8914356932555
          ],
          [
            77.88407816628924,
            -4599.1217633748
          ],
          [
            88.83368690713768,
            -4599.2790243700265
          ],
          [
            99.86248653956392,
            -4599.226218995594
          ],
          [
            110.92736297790529,
            -4598.640340653293
          ],
          [
            121.91388265877782,
            -4597.068127219662
          ],
          [
            132.74025875039885,
            -4594.612844584181
          ],
          [
            143.4828979157646,
            -4591.71814238109
          ],
          [
            154.21162471605956,
            -4588.71533944447
          ],
          [
            164.9083935664141,
            -4585.683881337189
          ],
          [
            175.5895107304379,
            -4582.652283686146
          ],
          [
            186.21133991872006,
            -4579.642173911184
          ],
          [
            196.61680525191807,
            -4576.699912410461
          ],
          [
            206.9535356779112,
            -4573.792599652178
          ],
          [
            217.3027864996479,
            -4570.955791179848
          ],
          [
            227.75359017955452,
            -4568.155273608452
          ],
          [
            238.4556590230618,
            -4565.610315885266
          ],
          [
            249.56642003083076,
            -4564.187019206063
          ],
          [
            261.03324863529724,
            -4565.0361228707525
          ],
          [
            272.1286559880215,
            -4568.653245121269
          ],
          [
            281.9040359298978,
            -4574.870361171129
          ],
          [
            289.913940709073,
            -4583.031605901536
          ],
          [
            296.49433349748426,
            -4592.2119453319465
          ],
          [
            302.6339306767013,
            -4601.3533004681285
          ],
          [
            308.57434145433575,
            -4610.571506727472
          ],
          [
            314.31200785302366,
            -4620.025068509088
          ],
          [
            319.4514529969442,
            -4629.950811416851
          ],
          [
            323.7581386660515,
            -4640.254251258561
          ],
          [
            327.14396906107856,
            -4650.928895195622
          ],
          [
            329.51535987277344,
            -4661.8936430511985
          ],
          [
            330.95398038297157,
            -4673.007408567076
          ],
          [
            331.4609262889056,
            -4684.181069159599
          ],
          [
            331.2425272778083,
            -4695.279175553091
          ],
          [
            330.8942388395069,
            -4706.25283918754
          ],
          [
            330.65621034592453,
            -4717.113872561951
          ],
          [
            330.61338868337856,
            -4728.071759389283
          ],
          [
            331.2230108827788,
            -4739.245052463776
          ],
          [
            333.9824342445102,
            -4750.326669645207
          ],
          [
            339.9927667175967,
            -4760.238407639164
          ],
          [
            348.63970884121466,
            -4767.961322537565
          ],
          [
            358.65964714879186,
            -4773.403961120081
          ],
          [
            368.80744475440207,
            -4777.898132649873
          ],
          [
            379.0565618050685,
            -4782.254843338788
          ],
          [
            389.28295592891294,
            -4786.644970375259
          ],
          [
            399.48112743057845,
            -4790.981845893124
          ],
          [
            409.71587304312015,
            -4795.23686520064
          ],
          [
            420.0145014443813,
            -4799.301474094444
          ],
          [
            430.3796146142897,
            -4803.2024981769
          ],
          [
            440.7908893411177,
            -4806.947715247939
          ],
          [
            451.24780111113733,
            -4810.532919309609
          ],
          [
            461.717707002992,
            -4814.055868594935
          ],
          [
            472.19635464190407,
            -4817.51275726154
          ],
          [
            482.70193300021543,
            -4820.86920924539
          ],
          [
            493.226533696278,
            -4824.178558019414
          ],
          [
            503.79021537314776,
            -4827.367929613097
          ],
          [
            514.3680470305031,
            -4830.501168216943
          ],
          [
            524.9144578275977,
            -4833.760619067385
          ],
          [
            535.4640739630547,
            -4837.061235120549
          ],
          [
            546.0449313425244,
            -4840.2549547215895
          ],
          [
            556.6686870356671,
            -4843.287925170066
          ],
          [
            567.3440835507598,
            -4846.1135776465535
          ],
          [
            578.0739693256747,
            -4848.74794749152
          ],
          [
            588.8372050715942,
            -4851.2599554367
          ],
          [
            599.6219237568843,
            -4853.673647517639
          ],
          [
            610.4306391215317,
            -4855.958348622433
          ],
          [
            621.2530204217978,
            -4858.11807938241
          ],
          [
            632.0615529638673,
            -4860.146206679255
          ],
          [
            642.8647231224343,
            -4862.056113509291
          ],
          [
            653.6808709707972,
            -4863.926936332828
          ],
          [
            664.4808205364386,
            -4865.845670106749
          ],
          [
            675.266302895929,
            -4867.807348372089
          ],
          [
            686.0526581610362,
            -4869.770483919299
          ],
          [
            696.837449019719,
            -4871.72419304155
          ],
          [
            707.6260700032951,
            -4873.666564924676
          ],
          [
            718.4197165669284,
            -4875.637655015616
          ],
          [
            729.2399248060437,
            -4877.590612419837
          ],
          [
            740.0840317313505,
            -4879.52831137978
          ],
          [
            750.9282262639613,
            -4881.494921280371
          ],
          [
            761.6759325381478,
            -4883.438606568811
          ],
          [
            772.2752296343964,
            -4885.354298746643
          ],
          [
            782.9440113569087,
            -4887.273455622006
          ],
          [
            793.6772273663248,
            -4889.178255253218
          ],
          [
            804.4705790562441,
            -4891.084555687066
          ],
          [
            815.3364719067995,
            -4893.171656772108
          ],
          [
            826.167674573019,
            -4895.776581364557
          ],
          [
            836.7611510620543,
            -4899.324191856029
          ],
          [
            847.0105875196297,
            -4903.791631174835
          ],
          [
            856.8802967226927,
            -4909.063894150924
          ],
          [
            866.3715933310493,
            -4914.922608252313
          ],
          [
            875.58686543121,
            -4921.165136261806
          ],
          [
            884.684593173615,
            -4927.558774964313
          ],
          [
            893.787659836812,
            -4933.966610289468
          ],
          [
            902.8737960026003,
            -4940.38438026413
          ],
          [
            911.9483574716523,
            -4946.794617063514
          ],
          [
            921.0091364406276,
            -4953.180420199955
          ],
          [
            930.0736634408973,
            -4959.558123428355
          ],
          [
            939.140518350508,
            -4965.924239892092
          ],
          [
            948.1727300626949,
            -4972.270455056299
          ],
          [
            957.0120409033381,
            -4978.508561391577
          ],
          [
            965.7493462405614,
            -4984.685685012446
          ],
          [
            974.5072669759248,
            -4990.912220211024
          ],
          [
            983.2947362959795,
            -4997.181418551626
          ],
          [
            992.127127953361,
            -5003.462371886676
          ],
          [
            1001.0437254913963,
            -5009.604621748605
          ],
          [
            1010.2750827051177,
            -5015.377334426033
          ],
          [
            1020.0420731401794,
            -5020.483305277834
          ],
          [
            1030.446678258026,
            -5024.364363782477
          ],
          [
            1041.3137484276206,
            -5026.678730190404
          ],
          [
            1052.41509794191,
            -5027.475582263931
          ],
          [
            1063.6027870434082,
            -5026.841128175477
          ],
          [
            1074.5928784146877,
            -5024.5027787326635
          ],
          [
            1084.9453155697652,
            -5019.713146211908
          ],
          [
            1093.947270683693,
            -5012.651421047317
          ],
          [
            1101.0085365494192,
            -5003.910237864717
          ],
          [
            1106.1281830608384,
            -4994.001682831465
          ],
          [
            1109.7374454361493,
            -4983.449406869927
          ],
          [
            1112.6084627859675,
            -4972.739784364592
          ],
          [
            1115.0082482940707,
            -4961.921172349498
          ],
          [
            1116.963269214731,
            -4951.061323105451
          ],
          [
            1118.3339545640513,
            -4940.20653087486
          ],
          [
            1119.0437261784905,
            -4929.316224996035
          ],
          [
            1118.9654359769122,
            -4918.371101396836
          ],
          [
            1118.1132552454628,
            -4907.427680450096
          ],
          [
            1116.8390067237196,
            -4896.522514071596
          ],
          [
            1115.529860710806,
            -4885.573587921569
          ],
          [
            1114.2971271262145,
            -4874.559474267229
          ],
          [
            1113.0499686210442,
            -4863.545905533387
          ],
          [
            1111.780735002505,
            -4852.559867956136
          ],
          [
            1110.5122061412335,
            -4841.661418456561
          ],
          [
            1109.2611405357457,
            -4830.794382948619
          ],
          [
            1108.0609144719674,
            -4819.917345587834
          ],
          [
            1106.9390092524109,
            -4809.020528875561
          ],
          [
            1105.9628509338634,
            -4798.0907376445475
          ],
          [
            1105.3323854184146,
            -4787.134563106352
          ],
          [
            1105.1016339108248,
            -4776.163804235435
          ],
          [
            1105.2173969745836,
            -4765.1766145475785
          ],
          [
            1105.5145105611514,
            -4754.188916773996
          ],
          [
            1105.796009539486,
            -4743.216260138599
          ],
          [
            1106.058169373148,
            -4732.25478800064
          ],
          [
            1106.3171832880432,
            -4721.293061667786
          ],
          [
            1106.6116873851604,
            -4710.332123231187
          ],
          [
            1106.9202550099976,
            -4699.372736268275
          ],
          [
            1107.237122504727,
            -4688.4127504311045
          ],
          [
            1107.5471237852921,
            -4677.45166262875
          ],
          [
            1107.8931448945536,
            -4666.4802654550285
          ],
          [
            1108.4480977505655,
            -4655.478583988209
          ],
          [
            1109.4564677428652,
            -4644.49780452314
          ],
          [
            1110.8130009656804,
            -4633.545661952165
          ],
          [
            1112.5528536255758,
            -4622.648696211763
          ],
          [
            1114.692306370451,
            -4611.821238230738
          ],
          [
            1117.2370806031718,
            -4601.061486927077
          ],
          [
            1120.0962759200347,
            -4590.369765070885
          ],
          [
            1123.147316612059,
            -4579.7297403387
          ],
          [
            1126.3667071869986,
            -4569.130137561702
          ],
          [
            1129.7999657116172,
            -4558.589081686339
          ],
          [
            1133.6366369237803,
            -4548.206644989402
          ],
          [
            1137.9118640345753,
            -4537.9675135349335
          ],
          [
            1142.6087697422809,
            -4527.893849598501
          ],
          [
            1147.7556645479333,
            -4518.032710376061
          ],
          [
            1153.3649746454582,
            -4508.426895089516
          ],
          [
            1159.537370649748,
            -4499.17570147798
          ],
          [
            1166.2479119242348,
            -4490.3290221245215
          ],
          [
            1173.4047575917132,
            -4481.84256815025
          ],
          [
            1180.6593514395638,
            -4473.481349926526
          ],
          [
            1187.9030542299656,
            -4465.145020501823
          ],
          [
            1195.184518656668,
            -4456.860469635404
          ],
          [
            1202.5660971703844,
            -4448.6582663525205
          ],
          [
            1210.265189457909,
            -4440.729666939398
          ],
          [
            1218.469548589058,
            -4433.317483358216
          ],
          [
            1227.1524058525897,
            -4426.468504482468
          ],
          [
            1236.1656621417014,
            -4420.058654564699
          ],
          [
            1245.192371276035,
            -4413.715337423483
          ],
          [
            1254.2020551681328,
            -4407.397981476738
          ],
          [
            1263.2512762347978,
            -4401.139411820212
          ],
          [
            1272.3721677573349,
            -4394.980133776051
          ],
          [
            1281.5985674256071,
            -4388.984784883809
          ],
          [
            1291.0311326893589,
            -4383.32626957244
          ],
          [
            1300.75360841273,
            -4378.186602158604
          ],
          [
            1310.7029435112036,
            -4373.520801635061
          ],
          [
            1320.744456813142,
            -4369.134233450209
          ],
          [
            1330.7579937015826,
            -4364.745603367411
          ],
          [
            1340.757003242899,
            -4360.305297630538
          ],
          [
            1350.7689295049672,
            -4355.836713680257
          ],
          [
            1360.8094159546679,
            -4351.3686394569095
          ],
          [
            1370.8642205546969,
            -4346.908954563105
          ],
          [
            1380.9012025669663,
            -4342.433898870212
          ],
          [
            1390.9338677641676,
            -4337.939281983427
          ],
          [
            1400.956809140891,
            -4333.4309933528075
          ],
          [
            1410.9900860644254,
            -4328.925160013913
          ],
          [
            1421.0339863716283,
            -4324.439698520313
          ],
          [
            1431.0742796552063,
            -4319.962656013356
          ],
          [
            1441.054180085694,
            -4315.541898565081
          ],
          [
            1451.0657034450903,
            -4311.239094126284
          ],
          [
            1461.2627640308026,
            -4307.007782553511
          ],
          [
            1471.609443242537,
            -4303.001391999459
          ],
          [
            1482.2675096953374,
            -4299.773336372885
          ],
          [
            1493.1978842997423,
            -4297.546919624642
          ],
          [
            1504.3006208937688,
            -4296.267604194425
          ],
          [
            1515.4549065014924,
            -4295.851177086501
          ],
          [
            1526.609059074012,
            -4295.9478002277765
          ],
          [
            1537.7437334567644,
            -4296.126205825544
          ],
          [
            1548.8744783894829,
            -4296.310963985073
          ],
          [
            1559.9715613489075,
            -4296.52942008451
          ],
          [
            1571.0596778717513,
            -4296.702891711766
          ],
          [
            1582.1510286776418,
            -4296.776000484951
          ],
          [
            1593.2274672942774,
            -4296.875911507383
          ],
          [
            1604.2167972290904,
            -4297.02641348282
          ],
          [
            1615.1936006929157,
            -4297.128469171118
          ],
          [
            1626.1760761467588,
            -4297.174362349293
          ],
          [
            1637.167532817066,
            -4297.188504235452
          ],
          [
            1648.1676422286034,
            -4297.131255244163
          ],
          [
            1659.1726550139126,
            -4296.863302896939
          ],
          [
            1670.1616614085767,
            -4296.2326936040945
          ],
          [
            1681.119021368302,
            -4295.177770459292
          ],
          [
            1692.0316442684182,
            -4293.709590240902
          ],
          [
            1702.9326052512063,
            -4292.137080777396
          ],
          [
            1713.82917990771,
            -4290.575037702187
          ],
          [
            1724.7243733380858,
            -4289.0127994696695
          ],
          [
            1735.6163411737832,
            -4287.455907283002
          ],
          [
            1746.5018926103392,
            -4285.892982527207
          ],
          [
            1757.388641722815,
            -4284.338137691437
          ],
          [
            1768.274202453561,
            -4282.7867970196685
          ],
          [
            1779.1585414225337,
            -4281.2372529129
          ],
          [
            1790.0425644684437,
            -4279.684823421895
          ],
          [
            1800.9231317506285,
            -4278.12306846742
          ],
          [
            1811.8044141277658,
            -4276.553578306557
          ],
          [
            1822.681220693394,
            -4274.970171088027
          ],
          [
            1833.5618964073885,
            -4273.3951123005945
          ],
          [
            1844.4436499237752,
            -4271.8317916440255
          ],
          [
            1855.3240253884726,
            -4270.265794993034
          ],
          [
            1866.2087443882276,
            -4268.701820291644
          ],
          [
            1877.092510106945,
            -4267.129652980844
          ],
          [
            1887.9813267064067,
            -4265.535235283966
          ],
          [
            1898.8705210412995,
            -4263.904188369238
          ],
          [
            1909.745229843317,
            -4262.163836942348
          ],
          [
            1920.5724384853804,
            -4260.155081138377
          ],
          [
            1931.3034156276444,
            -4257.693762384427
          ],
          [
            1941.9144086483755,
            -4254.736353425214
          ],
          [
            1952.4262310606437,
            -4251.4344456966155
          ],
          [
            1962.9208131108646,
            -4248.111548125007
          ],
          [
            1973.4114005680265,
            -4244.802278514901
          ],
          [
            1983.891190441306,
            -4241.477668638782
          ],
          [
            1994.3684971004732,
            -4238.154386322155
          ],
          [
            2004.8428568604563,
            -4234.828033793206
          ],
          [
            2015.3224564673396,
            -4231.50218041506
          ],
          [
            2025.811440255087,
            -4228.214214778344
          ],
          [
            2036.2970209294372,
            -4224.928077168836
          ],
          [
            2046.773073628885,
            -4221.624841840696
          ],
          [
            2057.224652505986,
            -4218.225089109443
          ],
          [
            2067.638954952011,
            -4214.668275945878
          ],
          [
            2077.9995502073125,
            -4210.886386030602
          ],
          [
            2088.209881310097,
            -4206.64794161623
          ],
          [
            2098.1991113514214,
            -4201.885818990168
          ],
          [
            2107.9506055583897,
            -4196.649966451396
          ],
          [
            2117.4544930209527,
            -4190.982580989994
          ],
          [
            2126.7050313199766,
            -4184.930500938015
          ],
          [
            2135.713418079969,
            -4178.509715316068
          ],
          [
            2144.513102171625,
            -4171.82985395152
          ],
          [
            2153.106457310688,
            -4164.912682695183
          ],
          [
            2161.5196925919295,
            -4157.786844538139
          ],
          [
            2169.765568161052,
            -4150.4714472697115
          ],
          [
            2177.912872105569,
            -4143.053576420918
          ],
          [
            2186.0795956889565,
            -4135.673203755482
          ],
          [
            2194.332819740746,
            -4128.378498170559
          ],
          [
            2202.7097669161667,
            -4121.185886835452
          ],
          [
            2211.283133520099,
            -4114.200740787779
          ],
          [
            2220.1486607720344,
            -4107.587564554981
          ],
          [
            2229.264690165106,
            -4101.323803028957
          ],
          [
            2238.6023869221663,
            -4095.400186134143
          ],
          [
            2248.104606842359,
            -4089.8186425111653
          ],
          [
            2257.7753253757605,
            -4084.5636470598783
          ],
          [
            2267.615519460083,
            -4079.578974886317
          ],
          [
            2277.484498598765,
            -4074.6371895306456
          ],
          [
            2287.3387249611346,
            -4069.6891375597697
          ],
          [
            2297.177880383786,
            -4064.741991338001
          ],
          [
            2306.9991278728503,
            -4059.8141822922767
          ],
          [
            2316.8002701107976,
            -4054.916192474079
          ],
          [
            2326.5037940354737,
            -4050.075860335516
          ],
          [
            2336.3005137180485,
            -4045.210371178924
          ],
          [
            2346.205169007747,
            -4040.4659528008838
          ],
          [
            2356.2920718569567,
            -4036.0283047988214
          ],
          [
            2366.6231626346644,
            -4032.0628566423316
          ],
          [
            2377.3091974490535,
            -4028.950234477504
          ],
          [
            2388.341376573411,
            -4027.1131596304667
          ],
          [
            2399.5399463253657,
            -4026.673661372248
          ],
          [
            2410.696396195696,
            -4027.3449278935745
          ],
          [
            2421.7029266409836,
            -4028.407085570039
          ],
          [
            2432.6162308552985,
            -4029.7587800182564
          ],
          [
            2443.4743416468827,
            -4031.599338750092
          ],
          [
            2454.2404151853475,
            -4033.9618622539074
          ],
          [
            2464.837395042393,
            -4036.981267018647
          ],
          [
            2475.1580066468787,
            -4040.7762239692383
          ],
          [
            2485.1686054937118,
            -4045.355706773433
          ],
          [
            2495.0002229191023,
            -4050.3330220674743
          ],
          [
            2504.829520525279,
            -4055.356458844974
          ],
          [
            2514.66867702064,
            -4060.3727664913645
          ],
          [
            2524.4888370260123,
            -4065.3492675990024
          ],
          [
            2534.2909435855186,
            -4070.335940674463
          ],
          [
            2544.0684425315676,
            -4075.362936156131
          ],
          [
            2553.820587637829,
            -4080.4604430837785
          ],
          [
            2563.5357615768676,
            -4085.655937664358
          ],
          [
            2573.174165945712,
            -4091.0297450834196
          ],
          [
            2582.6625091654473,
            -4096.647543027651
          ],
          [
            2591.9235332824223,
            -4102.63362758827
          ],
          [
            2601.002462603352,
            -4108.893051891821
          ],
          [
            2609.981170283081,
            -4115.28571289375
          ],
          [
            2618.9149679667953,
            -4121.724810417791
          ],
          [
            2627.8571487550253,
            -4128.138775052846
          ],
          [
            2636.7797563276763,
            -4134.563535480587
          ],
          [
            2645.6344221550034,
            -4141.035235637243
          ],
          [
            2654.4423269484396,
            -4147.563976551805
          ],
          [
            2663.1956302691397,
            -4154.131101171305
          ],
          [
            2671.9288419430573,
            -4160.716304469465
          ],
          [
            2680.6524131722526,
            -4167.363022875634
          ],
          [
            2689.315124725447,
            -4174.107492761968
          ],
          [
            2697.871370201603,
            -4180.997221842122
          ],
          [
            2706.221979050925,
            -4188.157447976984
          ],
          [
            2714.4055367917745,
            -4195.516511940135
          ],
          [
            2722.5556458502465,
            -4202.91837887662
          ],
          [
            2730.8707033374144,
            -4210.228301867134
          ],
          [
            2739.668962572978,
            -4217.018175063524
          ],
          [
            2749.0635831914587,
            -4222.9770433933
          ],
          [
            2758.9432540321814,
            -4228.0910449389585
          ],
          [
            2769.2241433705817,
            -4232.310899673819
          ],
          [
            2779.815685780695,
            -4235.6087313376265
          ],
          [
            2790.6277219922185,
            -4237.945076733863
          ],
          [
            2801.577242218247,
            -4239.519060735041
          ],
          [
            2812.5294803765287,
            -4240.893726147452
          ],
          [
            2823.431484564877,
            -4242.349261963426
          ],
          [
            2834.3541651019473,
            -4243.865920593459
          ],
          [
            2845.3113260666637,
            -4245.413447243694
          ],
          [
            2856.256787706444,
            -4246.957177114198
          ],
          [
            2867.2012692255134,
            -4248.467947164857
          ],
          [
            2878.114644225969,
            -4249.917162888745
          ],
          [
            2888.9927324945484,
            -4251.324180107948
          ],
          [
            2899.862476482129,
            -4252.704652592919
          ],
          [
            2910.723717865307,
            -4254.027642020261
          ],
          [
            2921.565743646841,
            -4255.261124691044
          ],
          [
            2932.4213421475856,
            -4256.412112938851
          ],
          [
            2943.3217032683087,
            -4257.475825269288
          ],
          [
            2954.270813512812,
            -4258.564640730917
          ],
          [
            2965.2034039896275,
            -4259.952527218309
          ],
          [
            2976.043605625594,
            -4261.880082001548
          ],
          [
            2986.7256375064267,
            -4264.429621736554
          ],
          [
            2997.191476845933,
            -4267.453698489955
          ],
          [
            3007.6830523033877,
            -4270.626536744054
          ],
          [
            3018.273981802399,
            -4273.490828997161
          ],
          [
            3029.0247440198336,
            -4275.766116138954
          ],
          [
            3039.998484040082,
            -4277.254825393793
          ],
          [
            3051.285306979742,
            -4276.919679453467
          ],
          [
            3062.1566000782573,
            -4273.1909104602555
          ],
          [
            3071.749935035778,
            -4266.598647744137
          ],
          [
            3079.321797813463,
            -4257.929657543887
          ],
          [
            3084.4918032090977,
            -4247.622710211215
          ],
          [
            3086.7170194466335,
            -4236.392752125963
          ],
          [
            3086.6121801342133,
            -4225.262025633354
          ],
          [
            3084.694487821075,
            -4214.451520323993
          ],
          [
            3081.487008797304,
            -4204.285210820899
          ],
          [
            3077.1147661930245,
            -4194.972046882285
          ],
          [
            3071.2770958534043,
            -4186.239371086803
          ],
          [
            3064.165858904184,
            -4178.285493407508
          ],
          [
            3055.9217982935543,
            -4171.153956824451
          ],
          [
            3047.243629927248,
            -4164.408416175072
          ],
          [
            3038.5177821577495,
            -4157.584485375337
          ],
          [
            3029.7292875860676,
            -4150.767161714903
          ],
          [
            3020.9104170196656,
            -4144.07203716585
          ],
          [
            3012.0831103050823,
            -4137.561252479887
          ],
          [
            3003.158538931398,
            -4131.225591704926
          ],
          [
            2994.0759269251757,
            -4125.0879181073105
          ],
          [
            2984.8617346260294,
            -4119.07023417881
          ],
          [
            2975.649509550988,
            -4112.995659694711
          ],
          [
            2966.792152876257,
            -4106.425496053591
          ],
          [
            2958.4962612564073,
            -4099.204867317957
          ],
          [
            2950.6051187611197,
            -4091.5209202358265
          ],
          [
            2942.70392137857,
            -4083.8170956427525
          ],
          [
            2934.320077027296,
            -4076.659050421061
          ],
          [
            2925.31464500092,
            -4070.33096825651
          ],
          [
            2916.009988213584,
            -4064.4596209073243
          ],
          [
            2906.833029148466,
            -4058.4160348719997
          ],
          [
            2897.8237811245017,
            -4052.124817691739
          ],
          [
            2888.950725949627,
            -4045.639130736638
          ],
          [
            2880.088972121559,
            -4039.1447955937742
          ],
          [
            2870.9257361341993,
            -4033.1290109228767
          ],
          [
            2861.4368077356557,
            -4027.595697195166
          ],
          [
            2851.7517462652604,
            -4022.347852395035
          ],
          [
            2841.9978965917253,
            -4017.314711796525
          ],
          [
            2832.3322513701382,
            -4012.305659663738
          ],
          [
            2822.7277379040097,
            -4005.866139265919
          ],
          [
            2815.2089111559744,
            -3996.369959490928
          ],
          [
            2812.0536109276522,
            -3984.475681202395
          ],
          [
            2813.2462058952606,
            -3972.372380419058
          ],
          [
            2818.6465569186657,
            -3961.3821061568296
          ],
          [
            2827.781872436791,
            -3953.1857832519736
          ],
          [
            2839.2610867580015,
            -3948.845311643947
          ],
          [
            2851.6253215798033,
            -3948.9453997964547
          ],
          [
            2862.8596618408083,
            -3953.562728712344
          ],
          [
            2871.6422239925832,
            -3961.687634372763
          ],
          [
            2877.178941930473,
            -3971.7703030994862
          ],
          [
            2881.5424029243945,
            -3982.1683128636996
          ],
          [
            2886.055750638692,
            -3992.3284018023983
          ],
          [
            2891.5038465563307,
            -4002.052355656671
          ],
          [
            2898.109174464924,
            -4011.1705558577532
          ],
          [
            2905.71402364553,
            -4019.468068919409
          ],
          [
            2914.1153582997376,
            -4026.9113029877512
          ],
          [
            2922.9568396817485,
            -4033.6754085120733
          ],
          [
            2931.778879728849,
            -4040.314902393731
          ],
          [
            2940.62308543527,
            -4046.903357284964
          ],
          [
            2949.539164104087,
            -4053.4164008431844
          ],
          [
            2958.6465093903025,
            -4059.692373920768
          ],
          [
            2968.26102247476,
            -4065.1851636757683
          ],
          [
            2978.456285486008,
            -4069.5485146219075
          ],
          [
            2988.9873743565818,
            -4073.0567478906605
          ],
          [
            2999.6029410310957,
            -4076.1579441070917
          ],
          [
            3010.165441732361,
            -4079.2403345968546
          ],
          [
            3020.707274595568,
            -4082.313644177348
          ],
          [
            3031.2453654669707,
            -4085.432910775285
          ],
          [
            3041.773759096796,
            -4088.6015427682214
          ],
          [
            3052.300492212758,
            -4091.7655647259317
          ],
          [
            3062.847661605387,
            -4094.8910183629337
          ],
          [
            3073.409034919559,
            -4097.9509406014795
          ],
          [
            3083.9794129502684,
            -4100.970315427994
          ],
          [
            3094.54986067421,
            -4103.989722479586
          ],
          [
            3105.1220031213757,
            -4107.01606833467
          ],
          [
            3115.7045078633087,
            -4110.029257132518
          ],
          [
            3126.3003387326844,
            -4113.046242253149
          ],
          [
            3136.932408813232,
            -4115.987073566852
          ],
          [
            3147.6393850801883,
            -4118.684684792149
          ],
          [
            3158.4936183980412,
            -4120.772789708738
          ],
          [
            3169.460837103957,
            -4122.220646579354
          ],
          [
            3180.448532776823,
            -4123.17373365303
          ],
          [
            3191.412217765542,
            -4123.975395376812
          ],
          [
            3202.3531572832326,
            -4124.831337170212
          ],
          [
            3213.301970268468,
            -4125.69378876457
          ],
          [
            3224.2823356524764,
            -4126.712744542362
          ],
          [
            3235.305036023754,
            -4128.263748604495
          ],
          [
            3246.1654628460915,
            -4130.892923247626
          ],
          [
            3256.651894123226,
            -4134.836898205922
          ],
          [
            3266.637391638704,
            -4139.947805774091
          ],
          [
            3276.1035639366546,
            -4145.898017616711
          ],
          [
            3285.2141836910937,
            -4152.263386935623
          ],
          [
            3294.1169138219648,
            -4158.845313733165
          ],
          [
            3302.879933501407,
            -4165.536728497184
          ],
          [
            3311.5959184195017,
            -4172.292068137898
          ],
          [
            3320.3002831178055,
            -4179.067492513472
          ],
          [
            3328.9717358542666,
            -4185.865148237776
          ],
          [
            3337.548488036014,
            -4192.770793987026
          ],
          [
            3345.881613602517,
            -4199.967392705402
          ],
          [
            3353.7785733840624,
            -4207.643021887308
          ],
          [
            3361.2902710757435,
            -4215.695444371342
          ],
          [
            3368.5211016219605,
            -4223.983297381794
          ],
          [
            3375.430109952337,
            -4232.509162371808
          ],
          [
            3382.0218232249886,
            -4241.246255251245
          ],
          [
            3388.403223676013,
            -4250.112233928519
          ],
          [
            3394.76168485795,
            -4258.983640223188
          ],
          [
            3401.011026481563,
            -4267.928035688499
          ],
          [
            3406.918882124212,
            -4277.095354001361
          ],
          [
            3412.226531507282,
            -4286.815276645888
          ],
          [
            3416.1808971414625,
            -4297.331729089067
          ],
          [
            3418.29546566795,
            -4308.4030492351485
          ],
          [
            3418.616599369678,
            -4319.613859917465
          ],
          [
            3417.393253482693,
            -4330.674218524598
          ],
          [
            3415.3226313303253,
            -4341.539905325928
          ],
          [
            3413.318419922016,
            -4352.426445681802
          ],
          [
            3411.6654700346976,
            -4363.407840682759
          ],
          [
            3410.62641797458,
            -4374.612600582213
          ],
          [
            3411.0241617004435,
            -4385.950553290445
          ],
          [
            3413.319074418412,
            -4397.090482495715
          ],
          [
            3417.5340889303134,
            -4407.663679065189
          ],
          [
            3423.422754231317,
            -4417.348866568507
          ],
          [
            3429.762452797498,
            -4426.505453576046
          ],
          [
            3436.1487594917044,
            -4435.466459337322
          ],
          [
            3442.5658534724607,
            -4444.396737076398
          ],
          [
            3449.0122759143474,
            -4453.303876114638
          ],
          [
            3455.4754425365923,
            -4462.171324533213
          ],
          [
            3461.9377655132694,
            -4471.0148724847995
          ],
          [
            3468.3918330856704,
            -4479.83456802648
          ],
          [
            3474.9242331395103,
            -4488.626761878825
          ],
          [
            3481.865913076959,
            -4497.251234162894
          ],
          [
            3490.160492126154,
            -4504.957464771154
          ],
          [
            3499.815176770718,
            -4510.941203318768
          ],
          [
            3510.4260758606147,
            -4515.015362970816
          ],
          [
            3521.671663246978,
            -4517.176522005713
          ],
          [
            3533.101240724139,
            -4517.266021963467
          ],
          [
            3544.2574614655514,
            -4515.3449516528135
          ],
          [
            3554.927699531076,
            -4511.694846073979
          ],
          [
            3564.98379930013,
            -4506.733603071012
          ],
          [
            3574.667847342837,
            -4501.353092924493
          ],
          [
            3584.309160111096,
            -4496.004475421722
          ],
          [
            3593.9986298273852,
            -4490.737376748455
          ],
          [
            3603.717941097146,
            -4485.522666536804
          ],
          [
            3613.5115501990576,
            -4480.448912804598
          ],
          [
            3623.579745546722,
            -4475.810375782757
          ],
          [
            3633.9994698890096,
            -4471.948682707211
          ],
          [
            3644.702628240498,
            -4469.013011864197
          ],
          [
            3655.5450984138442,
            -4466.747950289381
          ],
          [
            3666.3889608118075,
            -4464.58276784191
          ],
          [
            3677.18382514216,
            -4462.310551084335
          ],
          [
            3687.895802522025,
            -4459.755345644728
          ],
          [
            3698.494143090664,
            -4456.78942122405
          ],
          [
            3708.9296631315715,
            -4453.28752995645
          ],
          [
            3719.3286352533873,
            -4449.679770745021
          ],
          [
            3729.719811029828,
            -4446.135656867873
          ],
          [
            3740.086881637741,
            -4442.59368992092
          ],
          [
            3750.4341399758837,
            -4439.114468285232
          ],
          [
            3760.7064218793594,
            -4435.727704292788
          ],
          [
            3771.0797064053586,
            -4432.137350758157
          ],
          [
            3781.192021060557,
            -4427.682860869304
          ],
          [
            3790.745578149895,
            -4422.08110550752
          ],
          [
            3799.7048150268624,
            -4415.535186611859
          ],
          [
            3808.1578660167406,
            -4408.295261514216
          ],
          [
            3815.9733434917757,
            -4400.3511237604425
          ],
          [
            3822.976742476443,
            -4391.731945589923
          ],
          [
            3829.1937529733996,
            -4382.578394847599
          ],
          [
            3834.9946066744146,
            -4373.194088553334
          ],
          [
            3840.758517467275,
            -4363.822498568122
          ],
          [
            3846.611438788114,
            -4354.470530309279
          ],
          [
            3852.9271040476015,
            -4345.29610177031
          ],
          [
            3860.158338909406,
            -4336.728457715278
          ],
          [
            3868.369293385166,
            -4329.049803342333
          ],
          [
            3877.4704638770495,
            -4322.389295050612
          ],
          [
            3887.2385555188966,
            -4316.844962474234
          ],
          [
            3897.3353473722623,
            -4311.992691537474
          ],
          [
            3907.5287088738314,
            -4307.480117620566
          ],
          [
            3918.123115831387,
            -4303.653489000709
          ],
          [
            3929.10447005935,
            -4301.273500543042
          ],
          [
            3940.261421581999,
            -4300.440038337183
          ],
          [
            3951.3271958005726,
            -4299.998709436154
          ],
          [
            3962.366156487089,
            -4299.084427460427
          ],
          [
            3973.28541586305,
            -4296.906198550213
          ],
          [
            3983.835633811028,
            -4293.224434311187
          ],
          [
            3993.765968784849,
            -4287.942243046871
          ],
          [
            4002.617305502319,
            -4281.033750323562
          ],
          [
            4010.4112304193977,
            -4272.998309894962
          ],
          [
            4017.600730011385,
            -4264.50673473442
          ],
          [
            4024.738828034412,
            -4255.993376129726
          ],
          [
            4031.875127224337,
            -4247.482017755634
          ],
          [
            4038.9973246566014,
            -4238.9620216835
          ],
          [
            4046.1021572895907,
            -4230.429551471502
          ],
          [
            4053.1908649463385,
            -4221.890707785523
          ],
          [
            4060.243157648722,
            -4213.315107029803
          ],
          [
            4067.1667973284098,
            -4204.784147425179
          ],
          [
            4073.8478097449615,
            -4196.446558612467
          ],
          [
            4080.4374972334385,
            -4188.091706290719
          ],
          [
            4086.9976017386175,
            -4179.595205819979
          ],
          [
            4093.370743399375,
            -4170.70678452888
          ],
          [
            4098.872827544254,
            -4161.060665800778
          ],
          [
            4103.090898149442,
            -4150.586611724123
          ],
          [
            4105.87549230661,
            -4139.520453430013
          ],
          [
            4107.184903085604,
            -4128.279737376479
          ],
          [
            4107.237774865203,
            -4117.058860981522
          ],
          [
            4105.982155199092,
            -4105.842388442232
          ],
          [
            4103.291066163361,
            -4094.8957974968116
          ],
          [
            4099.22763641722,
            -4084.387474732196
          ],
          [
            4094.2902714194,
            -4074.367428805618
          ],
          [
            4089.1382694340377,
            -4064.663166143631
          ],
          [
            4083.8185721873188,
            -4055.0698867231295
          ],
          [
            4078.5500956485193,
            -4045.401274363724
          ],
          [
            4073.5620452195935,
            -4035.546652382594
          ],
          [
            4068.9162691402244,
            -4025.5461081463422
          ],
          [
            4064.6019822034064,
            -4015.396004753025
          ],
          [
            4060.673765270149,
            -4005.0891340083303
          ],
          [
            4056.84296839358,
            -3994.762328218898
          ],
          [
            4053.117018381545,
            -3984.413672272077
          ],
          [
            4049.487271274289,
            -3974.0170923820497
          ],
          [
            4045.995726200018,
            -3963.63868911161
          ],
          [
            4042.7697787233024,
            -3953.205823999276
          ],
          [
            4040.266181416353,
            -3942.2112276047833
          ],
          [
            4039.6938037144355,
            -3930.7664229934103
          ],
          [
            4041.3469311070703,
            -3919.4435735231887
          ],
          [
            4045.3857569943325,
            -3908.6827398042183
          ],
          [
            4051.106001375875,
            -3898.770300472521
          ],
          [
            4057.9860541772564,
            -3889.8429686438467
          ],
          [
            4065.4798109680382,
            -3881.6490390778945
          ],
          [
            4073.2687643063487,
            -3873.7041448764976
          ],
          [
            4081.434581748096,
            -3866.076248585382
          ],
          [
            4090.28405866256,
            -3859.208566902186
          ],
          [
            4099.885845528203,
            -3853.3873342090856
          ],
          [
            4110.04593244184,
            -3848.5727096647465
          ],
          [
            4120.574716905575,
            -3844.720062354517
          ],
          [
            4131.306873571577,
            -3841.8053344160107
          ],
          [
            4142.152259260951,
            -3839.5306138091755
          ],
          [
            4152.99797571625,
            -3837.442151678874
          ],
          [
            4163.788159195161,
            -3835.271562740816
          ],
          [
            4174.5227849579815,
            -3832.698787202865
          ],
          [
            4184.94013121827,
            -3829.167178577347
          ],
          [
            4194.613879317069,
            -3823.9602264467526
          ],
          [
            4203.142814056255,
            -3816.770820678471
          ],
          [
            4209.938425639072,
            -3807.7642922004784
          ],
          [
            4214.736545123553,
            -3797.662252626453
          ],
          [
            4217.592396925426,
            -3786.88868870529
          ],
          [
            4218.983096782757,
            -3775.814202341804
          ],
          [
            4219.842984483385,
            -3764.6548835869344
          ],
          [
            4220.597930958879,
            -3753.538003494935
          ],
          [
            4221.373009824827,
            -3742.4160610277418
          ],
          [
            4222.190947617929,
            -3731.30090679376
          ],
          [
            4223.053606287822,
            -3720.1895606753264
          ],
          [
            4223.925836395641,
            -3709.1040574620833
          ],
          [
            4224.797274667403,
            -3698.263046293043
          ],
          [
            4225.679620420061,
            -3687.5497288215925
          ],
          [
            4226.5048433575475,
            -3676.8218738489663
          ],
          [
            4227.311348032628,
            -3666.0454762010904
          ],
          [
            4227.999118099809,
            -3655.2767535972985
          ],
          [
            4228.219574128921,
            -3644.4341220575843
          ],
          [
            4227.203426714708,
            -3633.5578393590667
          ],
          [
            4224.228218045127,
            -3622.852752751167
          ],
          [
            4219.282606699078,
            -3612.8527968936974
          ],
          [
            4212.434644147595,
            -3604.0140817967267
          ],
          [
            4203.931041433259,
            -3596.550603197609
          ],
          [
            4194.17609735463,
            -3590.81496638883
          ],
          [
            4183.629943711026,
            -3586.9186368822443
          ],
          [
            4172.589439714879,
            -3584.804031156728
          ],
          [
            4161.379676049212,
            -3584.149859319995
          ],
          [
            4150.233191357679,
            -3584.314873939594
          ],
          [
            4139.082753887106,
            -3584.8340167223614
          ],
          [
            4127.9604886627185,
            -3585.487142787951
          ],
          [
            4116.850878363259,
            -3586.2745512788765
          ],
          [
            4105.778977273159,
            -3587.242158523823
          ],
          [
            4094.725657192844,
            -3588.4004923027314
          ],
          [
            4083.6886411032247,
            -3589.68484966729
          ],
          [
            4072.656513893268,
            -3590.9984714419184
          ],
          [
            4061.643655237853,
            -3592.316674011957
          ],
          [
            4050.6599975519034,
            -3593.6772582131584
          ],
          [
            4039.8955222361906,
            -3595.081345151765
          ],
          [
            4029.2596204050574,
            -3596.557653072654
          ],
          [
            4018.649208298786,
            -3598.0594331985676
          ],
          [
            4007.985206551427,
            -3599.5023345697923
          ],
          [
            3997.235662442953,
            -3600.7132344850484
          ],
          [
            3986.320328180763,
            -3601.4490993945947
          ],
          [
            3975.240006655509,
            -3601.2300268412473
          ],
          [
            3964.1695545153816,
            -3599.483830400449
          ],
          [
            3953.5498264009157,
            -3595.889672466337
          ],
          [
            3943.747422334583,
            -3590.200034528177
          ],
          [
            3935.288909331658,
            -3582.6297629072706
          ],
          [
            3928.76477285696,
            -3573.5700496679187
          ],
          [
            3924.369677386406,
            -3563.4025600608416
          ],
          [
            3921.069987520842,
            -3552.8381548175416
          ],
          [
            3918.000918651902,
            -3542.256591311434
          ],
          [
            3914.6004011217196,
            -3531.684248296357
          ],
          [
            3910.271871229851,
            -3521.3742173819164
          ],
          [
            3904.670249248559,
            -3511.624084814615
          ],
          [
            3897.9492833580834,
            -3502.691943502861
          ],
          [
            3890.816795402498,
            -3494.1465685878366
          ],
          [
            3883.674727458716,
            -3485.6627489848975
          ],
          [
            3876.5750617263307,
            -3477.1589889834136
          ],
          [
            3869.548165591702,
            -3468.6236351291473
          ],
          [
            3862.580601780127,
            -3460.0850540575643
          ],
          [
            3855.607375144743,
            -3451.5753793453127
          ],
          [
            3848.6346087204483,
            -3443.0534109081204
          ],
          [
            3841.720488246226,
            -3434.4693444439763
          ],
          [
            3835.015723384617,
            -3425.6855254806474
          ],
          [
            3828.835439669046,
            -3416.483672988868
          ],
          [
            3823.2055806694802,
            -3406.921325494643
          ],
          [
            3818.0630100735466,
            -3397.1181333796317
          ],
          [
            3813.336780106069,
            -3387.136359554512
          ],
          [
            3808.930988304485,
            -3377.0163737498983
          ],
          [
            3804.6331463939173,
            -3366.880321906114
          ],
          [
            3800.5448752162465,
            -3356.661116433159
          ],
          [
            3796.6424879501956,
            -3346.289268804157
          ],
          [
            3793.164820674324,
            -3335.738109310457
          ],
          [
            3790.4404373282414,
            -3324.9636217478997
          ],
          [
            3788.7948970953717,
            -3313.9682051876825
          ],
          [
            3788.308075691264,
            -3302.8613063879548
          ],
          [
            3788.779446882104,
            -3291.7768255293236
          ],
          [
            3789.8623033234658,
            -3280.7506116983154
          ],
          [
            3791.2737650116605,
            -3269.782689158306
          ],
          [
            3792.6571894016142,
            -3258.8489865295164
          ],
          [
            3793.852828655432,
            -3247.8813974673562
          ],
          [
            3794.7646315465277,
            -3236.881943450925
          ],
          [
            3795.1464654335246,
            -3225.8554550090316
          ],
          [
            3794.962541623144,
            -3214.8193038829427
          ],
          [
            3794.291145661362,
            -3203.802059502521
          ],
          [
            3793.25633223648,
            -3192.8523773338275
          ],
          [
            3792.075574872587,
            -3181.907175467195
          ],
          [
            3791.1452393879426,
            -3170.941808592871
          ],
          [
            3790.6002606975103,
            -3159.957403984342
          ],
          [
            3790.5077581725695,
            -3148.9562069606113
          ],
          [
            3790.755098625656,
            -3137.92565221151
          ],
          [
            3791.176126987495,
            -3126.8917812603745
          ],
          [
            3791.59766933266,
            -3115.872353198356
          ],
          [
            3791.971956180222,
            -3104.8828466687723
          ],
          [
            3792.306410321626,
            -3093.9217962628504
          ],
          [
            3792.5474315537945,
            -3082.9584886369053
          ],
          [
            3792.391056447734,
            -3071.8834995511183
          ],
          [
            3791.123742060337,
            -3060.7827302722267
          ],
          [
            3788.2178591295697,
            -3049.978009257481
          ],
          [
            3783.5842111508155,
            -3039.741397688312
          ],
          [
            3777.5716046866683,
            -3030.2868851686744
          ],
          [
            3770.659098661815,
            -3021.5268960747026
          ],
          [
            3763.4294047069247,
            -3013.1839158171356
          ],
          [
            3755.9879405034753,
            -3005.049243968616
          ],
          [
            3748.2868935542765,
            -2997.1601778884005
          ],
          [
            3740.1795324858167,
            -2989.6466053001673
          ],
          [
            3731.3033788210982,
            -2982.9190326179855
          ],
          [
            3721.681446762684,
            -2977.1902826031005
          ],
          [
            3711.477061400878,
            -2972.5307618378897
          ],
          [
            3700.8504979257236,
            -2969.077108285013
          ],
          [
            3690.002544870558,
            -2966.7336678220895
          ],
          [
            3679.085354635207,
            -2964.8383787186303
          ],
          [
            3668.2082272622865,
            -2962.8810593485027
          ],
          [
            3657.3877531908443,
            -2960.7704517046145
          ],
          [
            3646.6274255913854,
            -2958.525013770416
          ],
          [
            3635.8739185436307,
            -2956.09309574767
          ],
          [
            3625.1688815660186,
            -2953.2605875153013
          ],
          [
            3614.653865718984,
            -2949.6233575863116
          ],
          [
            3604.552221037281,
            -2944.8949971448296
          ],
          [
            3595.047560247934,
            -2939.061096581993
          ],
          [
            3586.2625270192475,
            -2932.2193552347703
          ],
          [
            3578.0764079927417,
            -2924.7844453884604
          ],
          [
            3570.2044749143424,
            -2917.089762475848
          ],
          [
            3562.383821933131,
            -2909.3108895399323
          ],
          [
            3554.5549457804227,
            -2901.4885475667475
          ],
          [
            3546.7024727305516,
            -2893.6443658253174
          ],
          [
            3538.8192238800248,
            -2885.8173289354763
          ],
          [
            3530.9141592288684,
            -2878.0373160523277
          ],
          [
            3523.0332996093953,
            -2870.3533125475346
          ],
          [
            3515.235337359473,
            -2862.786214499229
          ],
          [
            3507.495570071329,
            -2855.184089112159
          ],
          [
            3499.861675515531,
            -2847.523739891799
          ],
          [
            3492.3638285747975,
            -2839.6812813226634
          ],
          [
            3484.9819247368255,
            -2831.492026303864
          ],
          [
            3478.0615053898255,
            -2822.862621467037
          ],
          [
            3471.839172096426,
            -2813.7041164239763
          ],
          [
            3466.2220442965518,
            -2804.170039798614
          ],
          [
            3460.9360910481078,
            -2794.4400518703237
          ],
          [
            3455.8948147059377,
            -2784.5368318443343
          ],
          [
            3450.96206182581,
            -2774.5344390293953
          ],
          [
            3446.053885592958,
            -2764.532169536194
          ],
          [
            3441.131512399024,
            -2754.555459381912
          ],
          [
            3436.1957920436635,
            -2744.582455147872
          ],
          [
            3431.2527915392184,
            -2734.6177748763816
          ],
          [
            3426.325181090996,
            -2724.7557963450154
          ],
          [
            3421.461788628966,
            -2715.0970066168406
          ],
          [
            3416.5437984266123,
            -2705.5790103395666
          ],
          [
            3411.467293010731,
            -2696.1166388315473
          ],
          [
            3406.1550965458173,
            -2686.677292815667
          ],
          [
            3400.4497856750513,
            -2677.3643835434095
          ],
          [
            3394.1518950959407,
            -2668.391834582072
          ],
          [
            3387.2501800207324,
            -2659.834514792836
          ],
          [
            3379.826776547132,
            -2651.6757942613954
          ],
          [
            3371.9490807601246,
            -2643.923627486689
          ],
          [
            3363.76873005378,
            -2636.48352765364
          ],
          [
            3355.254400174144,
            -2629.4450940498846
          ],
          [
            3346.3985677304377,
            -2622.849538138631
          ],
          [
            3337.1900477147155,
            -2616.7483913703145
          ],
          [
            3327.593715002021,
            -2611.2959550996356
          ],
          [
            3317.639621268858,
            -2606.527554495156
          ],
          [
            3307.5275230469465,
            -2602.179202585062
          ],
          [
            3297.5163857862876,
            -2597.6303297374557
          ],
          [
            3287.720021297278,
            -2592.5676677626743
          ],
          [
            3278.1737671998885,
            -2586.968914842111
          ],
          [
            3268.9305409484505,
            -2580.824022141224
          ],
          [
            3260.000079188128,
            -2574.2228971465356
          ],
          [
            3251.3537839335727,
            -2567.371485104208
          ],
          [
            3242.70282058738,
            -2560.533811290783
          ],
          [
            3233.8850303038403,
            -2553.922929481787
          ],
          [
            3224.805262685961,
            -2547.666836459496
          ],
          [
            3215.394692024945,
            -2541.8821138484336
          ],
          [
            3205.6149819136735,
            -2536.723968410555
          ],
          [
            3195.459231399298,
            -2532.329636592128
          ],
          [
            3185.010909253498,
            -2528.6798923940923
          ],
          [
            3174.3569675199897,
            -2525.7223686052102
          ],
          [
            3163.597353588466,
            -2523.3175184067914
          ],
          [
            3152.7914586141737,
            -2521.3141613558387
          ],
          [
            3141.962849652443,
            -2519.5494248559094
          ],
          [
            3131.1252080699096,
            -2517.829268342918
          ],
          [
            3120.2854683135893,
            -2516.049714874723
          ],
          [
            3109.446944075794,
            -2514.1411123141734
          ],
          [
            3098.6243290761317,
            -2511.9883302132826
          ],
          [
            3087.8358351330016,
            -2509.5559174327636
          ],
          [
            3077.112242792091,
            -2506.8206510047717
          ],
          [
            3066.4509567623195,
            -2503.7910863964744
          ],
          [
            3055.834522639762,
            -2500.5649662256424
          ],
          [
            3045.260037826325,
            -2497.184972798421
          ],
          [
            3034.7253042908605,
            -2493.628278707631
          ],
          [
            3024.221577506475,
            -2489.966857630553
          ],
          [
            3013.7446881631067,
            -2486.2798698025563
          ],
          [
            3003.284192878632,
            -2482.6089181296265
          ],
          [
            2992.827876226276,
            -2478.969721857799
          ],
          [
            2982.391756484323,
            -2475.3511602886188
          ],
          [
            2971.995561006386,
            -2471.743984423862
          ],
          [
            2961.8234538238976,
            -2468.2272466044255
          ],
          [
            2951.64681377496,
            -2464.7441165837026
          ],
          [
            2941.387895491057,
            -2461.3144529391866
          ],
          [
            2931.0351860631513,
            -2457.9892111976087
          ],
          [
            2920.5368387698386,
            -2454.853365341702
          ],
          [
            2909.932326912812,
            -2452.0240840635283
          ],
          [
            2899.226092914298,
            -2449.57924977732
          ],
          [
            2888.4393596117816,
            -2447.474446273568
          ],
          [
            2877.6083933087934,
            -2445.6300002347957
          ],
          [
            2866.723022671404,
            -2444.0619242921985
          ],
          [
            2855.788243299558,
            -2442.8695406168035
          ],
          [
            2844.8065646653604,
            -2442.065420102495
          ],
          [
            2833.765767662815,
            -2441.6388920090953
          ],
          [
            2822.733774958559,
            -2441.661583471337
          ],
          [
            2811.7563515701363,
            -2442.393193056748
          ],
          [
            2800.942265977106,
            -2444.3161523746903
          ],
          [
            2790.422580526949,
            -2447.5484101722245
          ],
          [
            2780.3598914673958,
            -2451.9736360538564
          ],
          [
            2770.925577477991,
            -2457.3975121308927
          ],
          [
            2762.083640722015,
            -2463.7139112716122
          ],
          [
            2753.743258818891,
            -2470.7866046087825
          ],
          [
            2745.7573721834524,
            -2478.3304134632886
          ],
          [
            2737.846735004333,
            -2485.957072584679
          ],
          [
            2729.898138670479,
            -2493.54357663345
          ],
          [
            2721.86820101163,
            -2501.028015205983
          ],
          [
            2713.780092241783,
            -2508.378420457014
          ],
          [
            2705.5757811303542,
            -2515.5037703013345
          ],
          [
            2697.007605905679,
            -2522.2179586600246
          ],
          [
            2687.8039716693443,
            -2528.244006024368
          ],
          [
            2677.9784928053414,
            -2533.2801145919843
          ],
          [
            2667.5055111854276,
            -2537.044668249671
          ],
          [
            2656.4895888111982,
            -2539.196897986112
          ],
          [
            2645.278175040901,
            -2539.44250909452
          ],
          [
            2634.1567952532046,
            -2537.8918931019207
          ],
          [
            2623.273031325522,
            -2534.9782636562586
          ],
          [
            2612.819280260584,
            -2530.8786060648226
          ],
          [
            2602.7235042587517,
            -2525.9143059789
          ],
          [
            2592.990199013423,
            -2520.369147194445
          ],
          [
            2583.5234957914354,
            -2514.572100229198
          ],
          [
            2574.224215267375,
            -2508.685956378541
          ],
          [
            2564.9053460427795,
            -2502.6745452410046
          ],
          [
            2555.5502645128304,
            -2496.612877287792
          ],
          [
            2546.2028624206973,
            -2490.5549590839996
          ],
          [
            2536.880792304747,
            -2484.5259676114356
          ],
          [
            2527.586229800551,
            -2478.5189769254334
          ],
          [
            2518.508423014455,
            -2472.5809318796323
          ],
          [
            2509.5933503455913,
            -2466.653072823143
          ],
          [
            2500.6961148587034,
            -2460.5948258558833
          ],
          [
            2491.82644323325,
            -2454.3689883467828
          ],
          [
            2483.030067489705,
            -2447.847167569422
          ],
          [
            2474.584489576608,
            -2440.5937804034415
          ],
          [
            2467.1587014222964,
            -2431.8770113784353
          ],
          [
            2461.406357957203,
            -2421.6802678749414
          ],
          [
            2458.36780176104,
            -2410.1200323657276
          ],
          [
            2459.0688470694276,
            -2397.876736198416
          ],
          [
            2463.027930295338,
            -2386.335543258445
          ],
          [
            2469.353747318199,
            -2376.4447962575555
          ],
          [
            2476.498413680949,
            -2367.593653522535
          ],
          [
            2483.7480206584396,
            -2359.031505352137
          ],
          [
            2491.2167738467538,
            -2350.6462329313986
          ],
          [
            2498.7727706470664,
            -2342.476935725734
          ],
          [
            2506.5651147548683,
            -2334.5422014398264
          ],
          [
            2514.854971302378,
            -2327.066080745035
          ],
          [
            2523.7038692863325,
            -2320.239104042675
          ],
          [
            2533.0353772452136,
            -2314.106635013283
          ],
          [
            2542.6439546309743,
            -2308.488751528709
          ],
          [
            2552.4050082851145,
            -2303.2005391746593
          ],
          [
            2562.3578685402567,
            -2298.339134619378
          ],
          [
            2572.4601487702175,
            -2293.821214353049
          ],
          [
            2582.709344538956,
            -2289.4996948741646
          ],
          [
            2592.9796108740497,
            -2285.2493069280713
          ],
          [
            2603.2787191004118,
            -2281.0535600978465
          ],
          [
            2613.575617579437,
            -2276.915347408401
          ],
          [
            2623.892305299499,
            -2272.8139700981515
          ],
          [
            2634.2433713776395,
            -2268.8053644477886
          ],
          [
            2644.623695021651,
            -2264.9102834470095
          ],
          [
            2655.042925849926,
            -2261.1266730673333
          ],
          [
            2665.421400308525,
            -2257.4853446951174
          ],
          [
            2675.661799726504,
            -2254.0356272781523
          ],
          [
            2685.85015615698,
            -2250.6702496572493
          ],
          [
            2696.054290827035,
            -2247.2479522212197
          ],
          [
            2706.2519308874685,
            -2243.726601237312
          ],
          [
            2716.4570180562823,
            -2240.167399408442
          ],
          [
            2726.647253593179,
            -2236.5514231801353
          ],
          [
            2736.769265221689,
            -2232.6845194812345
          ],
          [
            2746.4538780676558,
            -2227.4163507353023
          ],
          [
            2755.0219319370444,
            -2220.262887610133
          ],
          [
            2762.1458550533694,
            -2211.569741692571
          ],
          [
            2768.269638078526,
            -2202.210291550184
          ],
          [
            2774.172002552088,
            -2192.84519046211
          ],
          [
            2779.923091488527,
            -2183.366233643196
          ],
          [
            2785.5792702321423,
            -2173.865972034479
          ],
          [
            2791.010173549952,
            -2164.250830348225
          ],
          [
            2795.7584666325515,
            -2154.2204886712466
          ],
          [
            2799.569260665619,
            -2143.7758474258876
          ],
          [
            2802.521116772781,
            -2133.0727150089488
          ],
          [
            2805.237759487742,
            -2122.3725229027496
          ],
          [
            2807.889009596843,
            -2111.667964595665
          ],
          [
            2810.519243557245,
            -2100.977693854608
          ],
          [
            2813.08444084248,
            -2090.265291521045
          ],
          [
            2815.3297380906015,
            -2079.475800479713
          ],
          [
            2816.8306309106592,
            -2068.453774826124
          ],
          [
            2817.513084688755,
            -2057.3069579925877
          ],
          [
            2817.3527478961687,
            -2046.1441277359186
          ],
          [
            2816.2301076345193,
            -2035.0607249281147
          ],
          [
            2814.2048706100927,
            -2024.1248403180568
          ],
          [
            2811.4497282204516,
            -2013.325921613248
          ],
          [
            2808.0278405130607,
            -2002.7513169414945
          ],
          [
            2803.814477846371,
            -1992.5017465114317
          ],
          [
            2798.8894297736547,
            -1982.5980312408897
          ],
          [
            2793.210648139893,
            -1973.0547820614975
          ],
          [
            2786.815399863523,
            -1963.9266415756044
          ],
          [
            2779.7448639970653,
            -1955.3032112826327
          ],
          [
            2772.0615247946084,
            -1947.2663724177858
          ],
          [
            2763.811427399216,
            -1939.801882196738
          ],
          [
            2755.063630422107,
            -1932.9332105635885
          ],
          [
            2745.888246654943,
            -1926.6422048242569
          ],
          [
            2736.364218365151,
            -1920.9123480671976
          ],
          [
            2726.5973887678333,
            -1915.6084522109413
          ],
          [
            2716.6964924075896,
            -1910.5119333409787
          ],
          [
            2706.76910573541,
            -1905.5169170854545
          ],
          [
            2696.851045466817,
            -1900.5504389473292
          ],
          [
            2686.9478617087843,
            -1895.5768134016705
          ],
          [
            2677.061744237905,
            -1890.5950945907373
          ],
          [
            2667.1830957971756,
            -1885.5941327218238
          ],
          [
            2657.304030379338,
            -1880.5908953164694
          ],
          [
            2647.4306321971526,
            -1875.5750051192772
          ],
          [
            2637.5727567269705,
            -1870.5404169076462
          ],
          [
            2627.7244822792904,
            -1865.4771174116902
          ],
          [
            2617.9342556000997,
            -1860.3759760002886
          ],
          [
            2608.1465669814247,
            -1855.207413507178
          ],
          [
            2598.3836218275555,
            -1849.9925816561474
          ],
          [
            2588.639735753768,
            -1844.7570648929093
          ],
          [
            2578.9150716748823,
            -1839.4931139220666
          ],
          [
            2569.216240870453,
            -1834.1831635261806
          ],
          [
            2559.56756977188,
            -1828.8285427583182
          ],
          [
            2549.928820051115,
            -1823.419925114554
          ],
          [
            2540.3112032747654,
            -1817.9807425680617
          ],
          [
            2530.701384610082,
            -1812.5275535132819
          ],
          [
            2521.0954896766593,
            -1807.070437065564
          ],
          [
            2511.4867249746962,
            -1801.6149518189484
          ],
          [
            2501.878111885114,
            -1796.1576659901825
          ],
          [
            2492.2956892850743,
            -1790.7151764257576
          ],
          [
            2482.6950656832178,
            -1785.2669016889483
          ],
          [
            2473.0952572350952,
            -1779.8148676029132
          ],
          [
            2463.4977792331724,
            -1774.3611564452724
          ],
          [
            2453.9068838635867,
            -1768.90712239745
          ],
          [
            2444.3356811112085,
            -1763.474430983799
          ],
          [
            2434.7561783423357,
            -1758.059324139282
          ],
          [
            2425.1591707056846,
            -1752.66809752414
          ],
          [
            2415.548836248598,
            -1747.3005255714102
          ],
          [
            2405.930251723889,
            -1741.9449602183877
          ],
          [
            2396.312205991001,
            -1736.5861930879355
          ],
          [
            2386.6968222603136,
            -1731.2020870383403
          ],
          [
            2377.1007786575933,
            -1725.7811167825957
          ],
          [
            2367.5231478135506,
            -1720.332212029743
          ],
          [
            2357.9539014371603,
            -1714.8719574124016
          ],
          [
            2348.383188360367,
            -1709.4247423874413
          ],
          [
            2338.8085107720776,
            -1703.9817768551102
          ],
          [
            2329.2340610946717,
            -1698.5408126358038
          ],
          [
            2319.660914839583,
            -1693.101920257689
          ],
          [
            2310.0764836839035,
            -1687.6727585310364
          ],
          [
            2300.487611217116,
            -1682.2407991581224
          ],
          [
            2290.905159263089,
            -1676.797453072769
          ],
          [
            2281.329450804326,
            -1671.337987615277
          ],
          [
            2271.757022614284,
            -1665.8748108386435
          ],
          [
            2262.1833708721574,
            -1660.4279950624627
          ],
          [
            2252.5970862503277,
            -1655.0047993264766
          ],
          [
            2243.0075498233605,
            -1649.5908789017294
          ],
          [
            2233.4192106311734,
            -1644.1793478370018
          ],
          [
            2223.824040482302,
            -1638.7793314986477
          ],
          [
            2214.221341669725,
            -1633.3930766610188
          ],
          [
            2204.609134661107,
            -1628.0216928672323
          ],
          [
            2194.989021143014,
            -1622.6625656522215
          ],
          [
            2185.364419145873,
            -1617.3074343305325
          ],
          [
            2175.7449879234227,
            -1611.9391984443525
          ],
          [
            2166.1423336637695,
            -1606.5451444519776
          ],
          [
            2156.5471896862364,
            -1601.130864940658
          ],
          [
            2146.9579673486514,
            -1595.7116252327164
          ],
          [
            2137.376432404864,
            -1590.2941089042506
          ],
          [
            2127.796228007581,
            -1584.867821982134
          ],
          [
            2118.223315196688,
            -1579.426964134468
          ],
          [
            2108.656210252451,
            -1573.9785695793557
          ],
          [
            2099.079383003493,
            -1568.5433467601067
          ],
          [
            2089.4863634523163,
            -1563.1449200135403
          ],
          [
            2079.875417317617,
            -1557.7743028951293
          ],
          [
            2070.2614786487948,
            -1552.4099829329257
          ],
          [
            2060.6499056612406,
            -1547.0371528805356
          ],
          [
            2051.046982920624,
            -1541.654492779433
          ],
          [
            2041.456510672229,
            -1536.2485340626827
          ],
          [
            2031.8839299949886,
            -1530.814657121398
          ],
          [
            2022.3277306560215,
            -1525.3531340819798
          ],
          [
            2012.7851097376115,
            -1519.876180719343
          ],
          [
            2003.2327658593565,
            -1514.4102936194217
          ],
          [
            1993.67750287281,
            -1508.954346336517
          ],
          [
            1984.1192431855268,
            -1503.4981709887822
          ],
          [
            1974.561477381578,
            -1498.0376696984988
          ],
          [
            1965.0164953844453,
            -1492.5726306392353
          ],
          [
            1955.4565178289893,
            -1487.1171468529542
          ],
          [
            1945.887458711449,
            -1481.6858525420898
          ],
          [
            1936.3002225050618,
            -1476.2802863625393
          ],
          [
            1926.7009372519842,
            -1470.8958095370133
          ],
          [
            1917.0995087861947,
            -1465.5141576742074
          ],
          [
            1907.5006549758214,
            -1460.1238750942266
          ],
          [
            1897.910218413077,
            -1454.7205860051022
          ],
          [
            1888.326785870741,
            -1449.2970976534348
          ],
          [
            1878.7555606193005,
            -1443.8606120451698
          ],
          [
            1869.1913585176342,
            -1438.4184970636409
          ],
          [
            1859.6350185973301,
            -1432.9585441657307
          ],
          [
            1850.0921253719875,
            -1427.4789608908848
          ],
          [
            1840.5627564141223,
            -1421.9789326982227
          ],
          [
            1831.0495646485695,
            -1416.4505311910716
          ],
          [
            1821.5442424263222,
            -1410.906376663892
          ],
          [
            1812.0391254301078,
            -1405.3459341243467
          ],
          [
            1802.5369219417978,
            -1399.7902085012536
          ],
          [
            1793.0292685260422,
            -1394.241505719257
          ],
          [
            1783.5255297934066,
            -1388.7017416502742
          ],
          [
            1774.0176000066806,
            -1383.1643140170486
          ],
          [
            1764.501275262578,
            -1377.6313967746214
          ],
          [
            1754.9841741740747,
            -1372.1019515524367
          ],
          [
            1745.4643768406343,
            -1366.573041048403
          ],
          [
            1735.9420889166258,
            -1361.0457379441743
          ],
          [
            1726.424591452536,
            -1355.5245303360214
          ],
          [
            1716.90653868715,
            -1350.00165410187
          ],
          [
            1707.3917663873983,
            -1344.4730968977995
          ],
          [
            1697.8904109801726,
            -1338.9341692690275
          ],
          [
            1688.3934560085158,
            -1333.3821635059196
          ],
          [
            1678.8992263550404,
            -1327.821717092872
          ],
          [
            1669.4081124319314,
            -1322.2520298850366
          ],
          [
            1659.9231612109734,
            -1316.6704037050783
          ],
          [
            1650.4465993859653,
            -1311.0787985012355
          ],
          [
            1640.9741646345494,
            -1305.482363243892
          ],
          [
            1631.5054124136464,
            -1299.880173683237
          ],
          [
            1622.0370202250356,
            -1294.2739911924696
          ],
          [
            1612.5801801699229,
            -1288.675555400143
          ],
          [
            1603.123454690598,
            -1283.0721676762814
          ],
          [
            1593.6752769391787,
            -1277.4536788900878
          ],
          [
            1584.2360079829873,
            -1271.810332578914
          ],
          [
            1574.8004997747835,
            -1266.1626125225464
          ],
          [
            1565.3650369355064,
            -1260.5182593060692
          ],
          [
            1555.9256320366376,
            -1254.889955440515
          ],
          [
            1546.4695539721035,
            -1249.2779642398173
          ],
          [
            1537.0033925408125,
            -1243.6889331765055
          ],
          [
            1527.5273096251683,
            -1238.1101554991342
          ],
          [
            1518.0468944468982,
            -1232.5329507184504
          ],
          [
            1508.5662983692803,
            -1226.9474509480444
          ],
          [
            1499.096299747416,
            -1221.34832309876
          ],
          [
            1489.6416066730224,
            -1215.7264809467838
          ],
          [
            1480.1948393436119,
            -1210.07811550188
          ],
          [
            1470.7508289256439,
            -1204.4251980466643
          ],
          [
            1461.2957515207345,
            -1198.7893366227054
          ],
          [
            1451.8251216341641,
            -1193.1884725741825
          ],
          [
            1442.340027527545,
            -1187.6077257644135
          ],
          [
            1432.8488291802546,
            -1182.0407883117857
          ],
          [
            1423.351995670556,
            -1176.4814042584887
          ],
          [
            1413.8564200881133,
            -1170.925195218886
          ],
          [
            1404.3653538858423,
            -1165.3629966936392
          ],
          [
            1394.8777783784283,
            -1159.7910389341241
          ],
          [
            1385.3963060357132,
            -1154.2086943834677
          ],
          [
            1375.925130015723,
            -1148.6121608055303
          ],
          [
            1366.4639656081897,
            -1143.007029898614
          ],
          [
            1357.0004911488768,
            -1137.398928512254
          ],
          [
            1347.538746827401,
            -1131.7976120279163
          ],
          [
            1338.0729727435212,
            -1126.1916462742984
          ],
          [
            1328.6135810650162,
            -1120.5784147747047
          ],
          [
            1319.1559728166394,
            -1114.9603473286518
          ],
          [
            1309.7004732690011,
            -1109.3428284629472
          ],
          [
            1300.244995749751,
            -1103.720942148978
          ],
          [
            1290.7882544366494,
            -1098.1068465457956
          ],
          [
            1281.3228815288433,
            -1092.505541670602
          ],
          [
            1271.8501551224538,
            -1086.9138831775806
          ],
          [
            1262.3775601634204,
            -1081.3235461929985
          ],
          [
            1252.9047075430065,
            -1075.7319075098644
          ],
          [
            1243.4398272868802,
            -1070.1419380966072
          ],
          [
            1233.9780767463835,
            -1064.5382583553571
          ],
          [
            1224.5142956555724,
            -1058.928679268988
          ],
          [
            1215.055803459457,
            -1053.3177842638231
          ],
          [
            1205.5976956052782,
            -1047.7094509623087
          ],
          [
            1196.1357631598917,
            -1042.1179845776048
          ],
          [
            1186.668769352649,
            -1036.532385579419
          ],
          [
            1177.211287117645,
            -1030.9490992162234
          ],
          [
            1167.7556885327645,
            -1025.357203042379
          ],
          [
            1158.3174576403273,
            -1019.755822860935
          ],
          [
            1148.871765828379,
            -1014.1452120475362
          ],
          [
            1139.4199912974375,
            -1008.5341208132152
          ],
          [
            1129.9778979698347,
            -1002.9135302045626
          ],
          [
            1120.6014396737075,
            -997.3201520520852
          ],
          [
            1111.2906212448772,
            -991.761952593279
          ],
          [
            1101.9793233898517,
            -986.2105211809189
          ],
          [
            1092.6594465955263,
            -980.6631728122755
          ],
          [
            1083.303889185981,
            -975.1221275790826
          ],
          [
            1073.9493468203002,
            -969.5975773679279
          ],
          [
            1064.5755047336859,
            -964.065268835598
          ],
          [
            1055.1841945929775,
            -958.5193271057595
          ],
          [
            1045.7948863130657,
            -952.9748642559568
          ],
          [
            1036.3949686356395,
            -947.4321164028586
          ],
          [
            1027.0059795110542,
            -941.8964603405666
          ],
          [
            1017.6047477217498,
            -936.345562007989
          ],
          [
            1008.2116837605187,
            -930.7864311540842
          ],
          [
            998.821004115159,
            -925.2216556231849
          ],
          [
            989.4449679503722,
            -919.6442885924921
          ],
          [
            980.068563514719,
            -914.0470427882896
          ],
          [
            970.6676077180178,
            -908.4464367767001
          ],
          [
            961.2356842784309,
            -902.8464718297093
          ],
          [
            951.7844864038148,
            -897.2514825404481
          ],
          [
            942.3257760073793,
            -891.6555760867896
          ],
          [
            932.8688518449893,
            -886.0426497625083
          ],
          [
            923.4064365043909,
            -880.4183104304171
          ],
          [
            913.9606946215353,
            -874.7503549363888
          ],
          [
            904.5647402782615,
            -868.9836566406252
          ],
          [
            895.2933617772592,
            -863.0176104838575
          ],
          [
            886.2081137749553,
            -856.7579145118316
          ],
          [
            877.2968324565044,
            -850.2405644922227
          ],
          [
            868.5955666422141,
            -843.4284672565309
          ],
          [
            860.0955965895467,
            -836.3460730387476
          ],
          [
            851.7792318744931,
            -829.0251439451312
          ],
          [
            843.6790481082014,
            -821.4418593714721
          ],
          [
            835.8193913689,
            -813.5977196602539
          ],
          [
            828.1666644055892,
            -805.5614469395858
          ],
          [
            820.6673195157501,
            -797.3778174336429
          ],
          [
            813.2783489575988,
            -789.0990063524554
          ],
          [
            805.9566650351946,
            -780.7570910314479
          ],
          [
            798.6827020405448,
            -772.4026102937069
          ],
          [
            791.455058181795,
            -764.0183616981724
          ],
          [
            784.2433213371554,
            -755.6220435563043
          ],
          [
            777.0347631802204,
            -747.2401051950125
          ],
          [
            769.8101014375253,
            -738.8620321084585
          ],
          [
            762.5968162031015,
            -730.4919492485305
          ],
          [
            755.4237341912097,
            -722.0926436029579
          ],
          [
            748.277926517353,
            -713.6642881574068
          ],
          [
            741.1204849582379,
            -705.2547977691567
          ],
          [
            733.9221406980449,
            -696.8808245326344
          ],
          [
            726.7098114339551,
            -688.5550869239061
          ],
          [
            719.4491508318956,
            -680.2351973918645
          ],
          [
            712.1687118461815,
            -671.9422840040613
          ],
          [
            704.9356147933846,
            -663.7296563841716
          ],
          [
            697.7751026907544,
            -655.5881332057004
          ],
          [
            690.6609304122913,
            -647.4682749867336
          ],
          [
            683.5805081126448,
            -639.3804303174263
          ],
          [
            676.488261105645,
            -631.2845263004168
          ],
          [
            669.373004334908,
            -623.149058063469
          ],
          [
            662.2810654303985,
            -614.9843621827791
          ],
          [
            655.1993149134528,
            -606.7952434339637
          ],
          [
            648.1036831171652,
            -598.5628982208734
          ],
          [
            640.9445618857327,
            -590.2431270249205
          ],
          [
            633.7958653333876,
            -581.8228864315673
          ],
          [
            626.8654047850986,
            -573.2117636497737
          ],
          [
            620.2459052419836,
            -564.348558314826
          ],
          [
            613.9820877236817,
            -555.2389900759769
          ],
          [
            608.0808561486739,
            -545.9147242712123
          ],
          [
            602.6394983933643,
            -536.3449184348488
          ],
          [
            597.6778741910616,
            -526.5234474877326
          ],
          [
            592.9885590951812,
            -516.5678635528147
          ],
          [
            588.2527229031958,
            -506.61905357326646
          ],
          [
            583.322976475434,
            -496.74787928505174
          ],
          [
            578.1274977786394,
            -486.984501669758
          ],
          [
            572.4810082214707,
            -477.465246739713
          ],
          [
            566.3742498435637,
            -468.23011775655954
          ],
          [
            559.7776045347716,
            -459.32983707952195
          ],
          [
            552.6721334698178,
            -450.81691624511626
          ],
          [
            545.0304205191169,
            -442.7634524852631
          ],
          [
            537.005653370465,
            -435.0941156518301
          ],
          [
            528.7961652270836,
            -427.6691371368295
          ],
          [
            520.5682338295104,
            -420.343509849836
          ],
          [
            512.3624780677509,
            -413.0365519914403
          ],
          [
            504.1693502723624,
            -405.72173212738295
          ],
          [
            496.00872438938,
            -398.39549206026635
          ],
          [
            487.87549067217816,
            -391.0361004098558
          ],
          [
            479.7506131978418,
            -383.6476016928478
          ],
          [
            471.62071653340314,
            -376.2044731563351
          ],
          [
            463.6619822361994,
            -368.4956648603372
          ],
          [
            456.2949487616009,
            -360.1602756173121
          ],
          [
            449.7979689923068,
            -351.122448741184
          ],
          [
            444.11978764940653,
            -341.55569937046107
          ],
          [
            439.04180592651085,
            -331.6988044358235
          ],
          [
            434.4370860223281,
            -321.6792137482314
          ],
          [
            430.1072300435667,
            -311.76750450844975
          ],
          [
            425.37359265505694,
            -301.8753293178672
          ],
          [
            418.9686907614166,
            -292.72873507647444
          ],
          [
            410.4125218888323,
            -285.5360865708955
          ],
          [
            399.98148619770046,
            -281.2673092730633
          ],
          [
            388.69591842203937,
            -280.2828449859875
          ],
          [
            377.7139106983933,
            -282.02465175187393
          ],
          [
            366.93237519393153,
            -284.2761255862309
          ],
          [
            355.9454365906097,
            -285.902545719344
          ],
          [
            344.7021931598159,
            -285.5897715595612
          ],
          [
            333.76893351578417,
            -282.86568454689024
          ],
          [
            323.4005115128615,
            -278.66377169816434
          ],
          [
            313.5037078481409,
            -273.4881481994697
          ],
          [
            304.001687390456,
            -267.7313546412146
          ],
          [
            294.73436482065307,
            -261.6496677959794
          ],
          [
            285.5364760866213,
            -255.53692463057527
          ],
          [
            276.3304136528327,
            -249.45494500936655
          ],
          [
            267.15861231337465,
            -243.32193719015498
          ],
          [
            258.06487599335276,
            -237.05998881918626
          ],
          [
            249.07855445263692,
            -230.6361552438151
          ],
          [
            240.18905738142809,
            -224.07008819399803
          ],
          [
            231.406069685971,
            -217.3339819075562
          ],
          [
            222.7407436575356,
            -210.4428098553985
          ],
          [
            214.16784455935573,
            -203.4338583566554
          ],
          [
            205.65545921305934,
            -196.36025219654158
          ],
          [
            197.22366768317616,
            -189.18418683139495
          ],
          [
            188.89395257645106,
            -181.91049664791677
          ],
          [
            180.66177040649634,
            -174.55284576430805
          ],
          [
            172.54549195361557,
            -167.10542662964176
          ],
          [
            164.5349048595593,
            -159.58043040412306
          ],
          [
            156.59980240396928,
            -151.95828821556347
          ],
          [
            148.71619511550148,
            -144.26590173078733
          ],
          [
            140.89436001398158,
            -136.5027891764932
          ],
          [
            133.05774634541694,
            -128.7463675986594
          ],
          [
            125.1920179443644,
            -121.01502656791328
          ],
          [
            117.33991604044905,
            -113.2843878933186
          ],
          [
            109.4852823538861,
            -105.55558946443166
          ],
          [
            101.62781732758042,
            -97.82915468485338
          ],
          [
            93.76134631226482,
            -90.11302872157833
          ],
          [
            85.85796964349946,
            -82.44035708323001
          ],
          [
            77.92246216548735,
            -74.80724719775156
          ],
          [
            69.97219110269226,
            -67.1964240156444
          ],
          [
            62.01285561908084,
            -59.592916078116524
          ],
          [
            54.07439261523391,
            -51.9703227127148
          ],
          [
            46.16120960628809,
            -44.31863328035658
          ],
          [
            38.26072046246138,
            -36.64777508930268
          ],
          [
            30.35486982252918,
            -28.96708678125985
          ],
          [
            22.456405202435167,
            -21.284893266526115
          ],
          [
            14.55123930862918,
            -13.612385338672546
          ],
          [
            0.0,
            0.0
          ]
        ]
      }
    }
  ]
}