{
  "type": "FeatureCollection",
  "name": "it-targa-grande",
  "features": [
    {
      "type": "Feature",
      "properties": {
        "id": "it-targa-grande",
        "Name": "Targa Florio Grande Circuit",
        "Location": "Madonie, Sicily, Italy",
        "length": 148823,
        "source": "Smoothed loop through historic Grande control towns",
        "note": "Grande Circuito delle Madonie; arc length fixed to 148.823 km"
      },
      "geometry": {
        "type": "LineString",
        "coordinates": [
          [
            13.839706653023176,
            38.05766312344853
          ],
          [
            13.839877221111937,
            38.05723928595946
          ],
          [
            13.840172693401998,
            38.05685498599623
          ],
          [
            13.840502270012168,
            38.05648817146961
          ],
          [
            13.840848990802039,
            38.05613130194876
          ],
          [
            13.8412063408672,
            38.05578101412059
          ],
          [
            13.841570994848336,
            38.055435442920434
          ],
          [
            13.841941035844934,
            38.055093455542575
          ],
          [
            13.842315223435973,
            38.05475428935309
          ],
          [
            13.84269271699061,
            38.0544174123782
          ],
          [
            13.843072897894064,
            38.05408242286928
          ],
          [
            13.843455329374509,
            38.05374903275029
          ],
          [
            13.843839647546794,
            38.053416996741966
          ],
          [
            13.844225582572534,
            38.0530861309329
          ],
          [
            13.844612916894274,
            38.05275628523214
          ],
          [
            13.845001462720893,
            38.052427328294705
          ],
          [
            13.845391072930147,
            38.052099156477816
          ],
          [
            13.845781624713233,
            38.05177168256597
          ],
          [
            13.8461730113554,
            38.05144483012989
          ],
          [
            13.84656513982095,
            38.05111853202832
          ],
          [
            13.846957928763294,
            38.05079272915308
          ],
          [
            13.847351310802848,
            38.05046737233502
          ],
          [
            13.847745228041406,
            38.05014241913855
          ],
          [
            13.848139623734632,
            38.04981782766064
          ],
          [
            13.84853444947953,
            38.04949356202649
          ],
          [
            13.848929668980047,
            38.04916959533609
          ],
          [
            13.849325239164859,
            38.04884589537489
          ],
          [
            13.849721126394241,
            38.04852243694925
          ],
          [
            13.85011730000638,
            38.04819919702153
          ],
          [
            13.850513731894825,
            38.0478761544102
          ],
          [
            13.850910396271152,
            38.0475532896268
          ],
          [
            13.851307269454127,
            38.04723058473017
          ],
          [
            13.851704330836,
            38.046908024080864
          ],
          [
            13.852101560857657,
            38.04658559280115
          ],
          [
            13.852498939399782,
            38.046263275545336
          ],
          [
            13.85289644970758,
            38.04594105951926
          ],
          [
            13.853294078508974,
            38.04561893458278
          ],
          [
            13.853691807997008,
            38.0452968870888
          ],
          [
            13.8540896269935,
            38.04497490847173
          ],
          [
            13.854487520922978,
            38.04465298753905
          ],
          [
            13.854885479492399,
            38.044331116384065
          ],
          [
            13.855283489968004,
            38.04400928521225
          ],
          [
            13.855681543328284,
            38.043687487082046
          ],
          [
            13.856079628689216,
            38.04336571361215
          ],
          [
            13.856477736894181,
            38.04304395774863
          ],
          [
            13.85687585952285,
            38.0427222130028
          ],
          [
            13.857273987907792,
            38.042400472694084
          ],
          [
            13.857672114263833,
            38.04207873082141
          ],
          [
            13.858070231190249,
            38.04175698168023
          ],
          [
            13.858468331446085,
            38.0414352196899
          ],
          [
            13.858866408131357,
            38.04111343953395
          ],
          [
            13.8592644549819,
            38.04079163638766
          ],
          [
            13.8596624658511,
            38.04046980551897
          ],
          [
            13.860060434853416,
            38.040147942399436
          ],
          [
            13.860458356351202,
            38.03982604269428
          ],
          [
            13.860856224942331,
            38.03950410225309
          ],
          [
            13.86125403544858,
            38.03918211710101
          ],
          [
            13.861651782904712,
            38.03886008343043
          ],
          [
            13.862049462548212,
            38.03853799759325
          ],
          [
            13.862447069809631,
            38.03821585609342
          ],
          [
            13.862844600303502,
            38.03789365558003
          ],
          [
            13.863242049819778,
            38.037571392840704
          ],
          [
            13.86363941431577,
            38.03724906479542
          ],
          [
            13.864036689908547,
            38.036926668490594
          ],
          [
            13.864433871479918,
            38.03660420002896
          ],
          [
            13.864830956088245,
            38.036281657188
          ],
          [
            13.865227940618073,
            38.0359590376149
          ],
          [
            13.865624821734274,
            38.03563633879187
          ],
          [
            13.866021596230254,
            38.035313558303294
          ],
          [
            13.866418259674267,
            38.034990692799894
          ],
          [
            13.866814808021065,
            38.03466773923408
          ],
          [
            13.867211240322678,
            38.03434469693083
          ],
          [
            13.86760755381533,
            38.034021563828354
          ],
          [
            13.868003743522955,
            38.033698336179626
          ],
          [
            13.868399806201301,
            38.033375011566854
          ],
          [
            13.868795741793392,
            38.033051590006586
          ],
          [
            13.869191546808581,
            38.032728068897846
          ],
          [
            13.869587214665042,
            38.03240444329193
          ],
          [
            13.869982747892935,
            38.032080715184755
          ],
          [
            13.87037814243795,
            38.031756881558856
          ],
          [
            13.87077339225219,
            38.03143293788959
          ],
          [
            13.871168500549798,
            38.031108886695755
          ],
          [
            13.871563460280425,
            38.03078472269965
          ],
          [
            13.87195827059074,
            38.0304604453367
          ],
          [
            13.872352932023283,
            38.03013605509937
          ],
          [
            13.872747434918208,
            38.02981154475466
          ],
          [
            13.87314178582943,
            38.02948691935484
          ],
          [
            13.87353597464739,
            38.02916217133998
          ],
          [
            13.873930005122787,
            38.02883730364147
          ],
          [
            13.874323871510052,
            38.028512312012644
          ],
          [
            13.874717573022401,
            38.028187195959816
          ],
          [
            13.875111107806998,
            38.027861954185056
          ],
          [
            13.875504472134885,
            38.02753658398274
          ],
          [
            13.875897666363889,
            38.027211085727494
          ],
          [
            13.876290685568966,
            38.02688545582289
          ],
          [
            13.876683530490087,
            38.02655969493581
          ],
          [
            13.87707619689593,
            38.02623380000175
          ],
          [
            13.877468683940279,
            38.025907770501384
          ],
          [
            13.877860990112692,
            38.02558160542059
          ],
          [
            13.878253110878612,
            38.02525530148297
          ],
          [
            13.878645049607274,
            38.02492886133346
          ],
          [
            13.879036795845147,
            38.02460227728039
          ],
          [
            13.879428358704274,
            38.02427555626049
          ],
          [
            13.879819723724404,
            38.02394868760983
          ],
          [
            13.880210899893083,
            38.02362167816699
          ],
          [
            13.880601879715822,
            38.02329452248076
          ],
          [
            13.880992661252405,
            38.02296721924655
          ],
          [
            13.881383249305982,
            38.02263977217408
          ],
          [
            13.88177362837471,
            38.022312169890675
          ],
          [
            13.88216381013254,
            38.02198442121088
          ],
          [
            13.882553787101624,
            38.0216565207329
          ],
          [
            13.882943554732526,
            38.021328465239456
          ],
          [
            13.883333119237697,
            38.02100025948029
          ],
          [
            13.883722469372687,
            38.02067189529678
          ],
          [
            13.884111608238664,
            38.02034337514111
          ],
          [
            13.884500538211165,
            38.02001470092191
          ],
          [
            13.884889246073238,
            38.01968586306204
          ],
          [
            13.885277739008838,
            38.019356867021465
          ],
          [
            13.885666017316014,
            38.019027713180954
          ],
          [
            13.886054067724304,
            38.018698391962864
          ],
          [
            13.886441897681058,
            38.01836890901211
          ],
          [
            13.886829507293703,
            38.018039264576885
          ],
          [
            13.887216885275823,
            38.01770945057043
          ],
          [
            13.88760403527997,
            38.01737946985156
          ],
          [
            13.88799095923069,
            38.017049324006656
          ],
          [
            13.888377649976173,
            38.01671900799856
          ],
          [
            13.888764103088437,
            38.01638851879283
          ],
          [
            13.889150324431979,
            38.016057860854076
          ],
          [
            13.889536312118922,
            38.015727032995045
          ],
          [
            13.889922052525373,
            38.01539602551668
          ],
          [
            13.89030755430062,
            38.01506484490467
          ],
          [
            13.890692816675864,
            38.01473349079795
          ],
          [
            13.891077835028884,
            38.01440196004991
          ],
          [
            13.891462600222262,
            38.014070246265355
          ],
          [
            13.891847120239337,
            38.01373835542857
          ],
          [
            13.89223139316256,
            38.013406286362255
          ],
          [
            13.892615413453974,
            38.01307403528841
          ],
          [
            13.892999173967432,
            38.012741597288894
          ],
          [
            13.893382681548399,
            38.01240897751305
          ],
          [
            13.893765934253958,
            38.012076174784035
          ],
          [
            13.894148928747752,
            38.01174318693195
          ],
          [
            13.894531653649553,
            38.01141000604274
          ],
          [
            13.894914117756255,
            38.01107663865289
          ],
          [
            13.895296319093735,
            38.010743083582625
          ],
          [
            13.895678255679142,
            38.01040933965083
          ],
          [
            13.896059917722832,
            38.010075400126176
          ],
          [
            13.896441306855728,
            38.00974126642532
          ],
          [
            13.896822425189143,
            38.00940694029908
          ],
          [
            13.897203270701858,
            38.00907242055935
          ],
          [
            13.897583841362232,
            38.00873770601577
          ],
          [
            13.897964124891695,
            38.0084027882392
          ],
          [
            13.898344127999858,
            38.0080676722481
          ],
          [
            13.898723850052459,
            38.007732357857215
          ],
          [
            13.899103288972334,
            38.00739684386539
          ],
          [
            13.899482442670166,
            38.00706112906834
          ],
          [
            13.899861300530251,
            38.00672520628041
          ],
          [
            13.900239866026734,
            38.00638907823239
          ],
          [
            13.900618139913952,
            38.00605274573608
          ],
          [
            13.900996120049838,
            38.00571620757271
          ],
          [
            13.901373804278427,
            38.005379462519514
          ],
          [
            13.901751187957426,
            38.005042507626015
          ],
          [
            13.902128262686825,
            38.00470533734022
          ],
          [
            13.902505034909067,
            38.00436795645991
          ],
          [
            13.902881502408047,
            38.00403036374426
          ],
          [
            13.903257662951965,
            38.00369255794762
          ],
          [
            13.903633514292988,
            38.00335453781936
          ],
          [
            13.90400905131043,
            38.00301630012951
          ],
          [
            13.904384266510519,
            38.00267784002736
          ],
          [
            13.904759165614118,
            38.00233916179655
          ],
          [
            13.905133746304115,
            38.00200026416424
          ],
          [
            13.905508006245483,
            38.00166114585179
          ],
          [
            13.905881943084921,
            38.001321805574634
          ],
          [
            13.906255554450466,
            38.000982242042085
          ],
          [
            13.906628829060113,
            38.00064244787697
          ],
          [
            13.907001771519843,
            38.000302426593734
          ],
          [
            13.907374381214401,
            37.99996217812581
          ],
          [
            13.907746655691355,
            37.99962170115556
          ],
          [
            13.908118592477617,
            37.99928099435844
          ],
          [
            13.908490189079059,
            37.998940056402866
          ],
          [
            13.908861442980092,
            37.99859888595002
          ],
          [
            13.909232342106478,
            37.998257475204255
          ],
          [
            13.909602892315544,
            37.99791582852504
          ],
          [
            13.909973092072175,
            37.99757394526075
          ],
          [
            13.910342938768297,
            37.99723182404091
          ],
          [
            13.910712429772225,
            37.99688946348702
          ],
          [
            13.911081562428242,
            37.99654686221242
          ],
          [
            13.911450334056154,
            37.99620401882213
          ],
          [
            13.911818736939304,
            37.99586092856316
          ],
          [
            13.912186767748587,
            37.99551758964021
          ],
          [
            13.91255442924884,
            37.995174004328945
          ],
          [
            13.912921718654323,
            37.99483017119796
          ],
          [
            13.913288633152463,
            37.9944860888067
          ],
          [
            13.9136551699034,
            37.99414175570535
          ],
          [
            13.914021326039483,
            37.99379717043463
          ],
          [
            13.914387098664813,
            37.9934523315257
          ],
          [
            13.914752478479599,
            37.99310723329874
          ],
          [
            13.915117464483473,
            37.992761875572015
          ],
          [
            13.915482058000684,
            37.99241625969131
          ],
          [
            13.915846256013344,
            37.99207038414583
          ],
          [
            13.916210055472677,
            37.99172424741438
          ],
          [
            13.916573453298481,
            37.99137784796516
          ],
          [
            13.916936446378608,
            37.991031184255654
          ],
          [
            13.91729903156841,
            37.99068425473244
          ],
          [
            13.917661201678737,
            37.99033705522682
          ],
          [
            13.9180229503649,
            37.98998958214684
          ],
          [
            13.918384281381593,
            37.98964183845895
          ],
          [
            13.918745191443724,
            37.98929382256216
          ],
          [
            13.919105677230737,
            37.988945532843736
          ],
          [
            13.919465735386023,
            37.988596967679065
          ],
          [
            13.9198253625163,
            37.98824812543145
          ],
          [
            13.920184555191016,
            37.987899004451954
          ],
          [
            13.920543309941712,
            37.987549603079295
          ],
          [
            13.920901612257897,
            37.98719991262254
          ],
          [
            13.921259468664834,
            37.986849937846316
          ],
          [
            13.921616876319604,
            37.986499677526915
          ],
          [
            13.921973831589641,
            37.986149129948934
          ],
          [
            13.922330330801051,
            37.98579829338373
          ],
          [
            13.922686370237928,
            37.98544716608923
          ],
          [
            13.923041946141645,
            37.985095746309746
          ],
          [
            13.923397054710147,
            37.98474403227585
          ],
          [
            13.923751685602399,
            37.984392018132375
          ],
          [
            13.924105835040185,
            37.984039702177824
          ],
          [
            13.924459505231427,
            37.98368708646187
          ],
          [
            13.924812692185688,
            37.98333416915501
          ],
          [
            13.925165391865189,
            37.98298094841308
          ],
          [
            13.925517600184016,
            37.98262742237709
          ],
          [
            13.92586931300731,
            37.98227358917306
          ],
          [
            13.926220526150459,
            37.98191944691184
          ],
          [
            13.926571231404468,
            37.98156499124246
          ],
          [
            13.926921418231224,
            37.98121021642094
          ],
          [
            13.92727109222087,
            37.98085512663941
          ],
          [
            13.927620248972525,
            37.9804997199425
          ],
          [
            13.927968884031046,
            37.9801439943588
          ],
          [
            13.928316992886112,
            37.97978794790062
          ],
          [
            13.928664570971309,
            37.97943157856387
          ],
          [
            13.929011613663178,
            37.97907488432788
          ],
          [
            13.929358109887895,
            37.97871785929516
          ],
          [
            13.92970405169831,
            37.97836049950683
          ],
          [
            13.930049443525386,
            37.9780028084808
          ],
          [
            13.930394280497191,
            37.97764478412399
          ],
          [
            13.930738557679547,
            37.97728642432579
          ],
          [
            13.931082270074972,
            37.976927726957946
          ],
          [
            13.931425412621614,
            37.976568689874355
          ],
          [
            13.931767980192156,
            37.976209310910924
          ],
          [
            13.932109950141907,
            37.97584957756304
          ],
          [
            13.932451333749944,
            37.97548949746741
          ],
          [
            13.932792126141596,
            37.97512906867766
          ],
          [
            13.933132321903738,
            37.974768288951104
          ],
          [
            13.933471915551728,
            37.97440715602614
          ],
          [
            13.933810901528203,
            37.9740456676221
          ],
          [
            13.934149273700744,
            37.97368382114766
          ],
          [
            13.934487007002428,
            37.973321603054046
          ],
          [
            13.934824114981803,
            37.97295902228008
          ],
          [
            13.935160591763413,
            37.97259607646191
          ],
          [
            13.935496431392291,
            37.97223276321579
          ],
          [
            13.935831627832592,
            37.9718690801379
          ],
          [
            13.936166174966193,
            37.97150502480421
          ],
          [
            13.936500053760433,
            37.97114058745777
          ],
          [
            13.936833260167678,
            37.97077576696813
          ],
          [
            13.937165797772325,
            37.9704105665446
          ],
          [
            13.93749766009565,
            37.97004498367495
          ],
          [
            13.937828840568889,
            37.96967901582597
          ],
          [
            13.938159332531665,
            37.96931266044334
          ],
          [
            13.938489114919648,
            37.96894590694706
          ],
          [
            13.938818183025237,
            37.96857875400545
          ],
          [
            13.939146541336859,
            37.968211205418385
          ],
          [
            13.939474182791889,
            37.96784325853945
          ],
          [
            13.939801100227355,
            37.96747491070047
          ],
          [
            13.940127286378173,
            37.967106159211326
          ],
          [
            13.940452705505178,
            37.96673698580297
          ],
          [
            13.940777376719442,
            37.966367402420595
          ],
          [
            13.9411012933673,
            37.965997406824
          ],
          [
            13.941424447734457,
            37.965626996227755
          ],
          [
            13.941746831994644,
            37.96525616782402
          ],
          [
            13.942068413160825,
            37.96488490528819
          ],
          [
            13.942389199693308,
            37.96451321477002
          ],
          [
            13.942709190980159,
            37.96414109748792
          ],
          [
            13.9430283787018,
            37.9637685505366
          ],
          [
            13.94334675441578,
            37.9633955709881
          ],
          [
            13.943664276427095,
            37.963022138371436
          ],
          [
            13.94398096474367,
            37.96264826502263
          ],
          [
            13.944296813870958,
            37.9622739497197
          ],
          [
            13.944611814824311,
            37.96189918943601
          ],
          [
            13.944925944167037,
            37.96152397366933
          ],
          [
            13.945239180327514,
            37.96114829304079
          ],
          [
            13.945551539333634,
            37.96077215774587
          ],
          [
            13.945863011615108,
            37.96039556465908
          ],
          [
            13.946173583831358,
            37.96001850877641
          ],
          [
            13.946483208588479,
            37.9596409678045
          ],
          [
            13.946791915694494,
            37.9592629590258
          ],
          [
            13.947099694946196,
            37.958884479216664
          ],
          [
            13.947406533322416,
            37.958505523792184
          ],
          [
            13.947712376532998,
            37.95812606755903
          ],
          [
            13.948017258856401,
            37.957746129953804
          ],
          [
            13.948321169405093,
            37.95736570765655
          ],
          [
            13.948624083885996,
            37.95698479078366
          ],
          [
            13.948925963601244,
            37.956603362531894
          ],
          [
            13.949226836227831,
            37.95622143892632
          ],
          [
            13.949526690137949,
            37.955839016553874
          ],
          [
            13.949825476137567,
            37.95545607384804
          ],
          [
            13.95012319761147,
            37.95507261501847
          ],
          [
            13.950419862583649,
            37.9546886464515
          ],
          [
            13.950715444807592,
            37.954304158044785
          ],
          [
            13.951009895725507,
            37.95391912927756
          ],
          [
            13.951303250334124,
            37.95353357957481
          ],
          [
            13.951595495548446,
            37.95314750537147
          ],
          [
            13.951886552484147,
            37.95276087238498
          ],
          [
            13.95217646859936,
            37.952373705849965
          ],
          [
            13.95246523266347,
            37.95198600334255
          ],
          [
            13.952752768192838,
            37.95159773245997
          ],
          [
            13.953039110542175,
            37.951208912685004
          ],
          [
            13.953324255849607,
            37.95081954527347
          ],
          [
            13.953608120100192,
            37.95042959519663
          ],
          [
            13.953890745800303,
            37.95003908511947
          ],
          [
            13.954172124307512,
            37.949648014375484
          ],
          [
            13.954452160849453,
            37.94925634404288
          ],
          [
            13.954730918906245,
            37.94886410601807
          ],
          [
            13.955008355520532,
            37.9484712847847
          ],
          [
            13.955284416823563,
            37.94807786042836
          ],
          [
            13.955559147598988,
            37.947683856315585
          ],
          [
            13.955832466224367,
            37.94728924087198
          ],
          [
            13.95610438637789,
            37.94689402404914
          ],
          [
            13.956374906085644,
            37.94649820898347
          ],
          [
            13.956643934489358,
            37.946101761251256
          ],
          [
            13.956911537954742,
            37.94570471321807
          ],
          [
            13.957177620788944,
            37.94530702907834
          ],
          [
            13.957442207095193,
            37.94490872343152
          ],
          [
            13.957705266827771,
            37.94450978840416
          ],
          [
            13.957966746475392,
            37.94411020679181
          ],
          [
            13.958226686503023,
            37.94370999989729
          ],
          [
            13.95848496631189,
            37.94330912396648
          ],
          [
            13.958741672334526,
            37.94290761881231
          ],
          [
            13.958996668633052,
            37.94250543555427
          ],
          [
            13.95925003088403,
            37.9421026094921
          ],
          [
            13.959501646890386,
            37.94169910219215
          ],
          [
            13.95975156242643,
            37.94129493710673
          ],
          [
            13.959999685553182,
            37.94089008467649
          ],
          [
            13.960246047139405,
            37.94048456264472
          ],
          [
            13.960490559686313,
            37.94007834409983
          ],
          [
            13.960733255602822,
            37.93967144746228
          ],
          [
            13.960974034511057,
            37.93926384200504
          ],
          [
            13.961212948352339,
            37.93885555344583
          ],
          [
            13.961449864948944,
            37.93844654055839
          ],
          [
            13.96168486968805,
            37.93803684115821
          ],
          [
            13.961917795148818,
            37.9376264027435
          ],
          [
            13.962148732083456,
            37.937215264988566
          ],
          [
            13.962377557997398,
            37.936803392578184
          ],
          [
            13.962604283008464,
            37.936390797099975
          ],
          [
            13.962828874613912,
            37.9359774753564
          ],
          [
            13.963051236982464,
            37.93556340349572
          ],
          [
            13.963271424083905,
            37.93514860813784
          ],
          [
            13.963489295939098,
            37.93473305188081
          ],
          [
            13.963704879056907,
            37.93431675279384
          ],
          [
            13.96391814868377,
            37.93389971197895
          ],
          [
            13.964128958988876,
            37.93348189297817
          ],
          [
            13.964337377003035,
            37.93306332709127
          ],
          [
            13.96454333130957,
            37.932644002128605
          ],
          [
            13.964746705759628,
            37.93222389354806
          ],
          [
            13.964947544560866,
            37.931803025838036
          ],
          [
            13.965145790760513,
            37.9313813929991
          ],
          [
            13.965341295825104,
            37.93095896361076
          ],
          [
            13.965534111133303,
            37.93053576491945
          ],
          [
            13.965724182366381,
            37.9301117936115
          ],
          [
            13.96591140097728,
            37.92968703230251
          ],
          [
            13.966095716396522,
            37.92926148088038
          ],
          [
            13.966277118027596,
            37.9288351503012
          ],
          [
            13.966455545896231,
            37.928408038629904
          ],
          [
            13.966630904898627,
            37.92798013585174
          ],
          [
            13.966803114075539,
            37.92755143700391
          ],
          [
            13.966972162888268,
            37.927121955413654
          ],
          [
            13.967137985251723,
            37.92669169100505
          ],
          [
            13.96730051343151,
            37.92626064425029
          ],
          [
            13.967459674978459,
            37.92582881552141
          ],
          [
            13.967615340802933,
            37.925396193740944
          ],
          [
            13.967767502857141,
            37.924962796292796
          ],
          [
            13.967916086772858,
            37.92452862626685
          ],
          [
            13.968061016405493,
            37.92409368752078
          ],
          [
            13.968202213811686,
            37.92365798473169
          ],
          [
            13.968339599228935,
            37.923221523450174
          ],
          [
            13.96847309105755,
            37.92278431015695
          ],
          [
            13.968602605845193,
            37.922346352322016
          ],
          [
            13.96872805827433,
            37.92190765846646
          ],
          [
            13.9688493611529,
            37.92146823822683
          ],
          [
            13.968966425408578,
            37.92102810242224
          ],
          [
            13.969079160086961,
            37.92058726312408
          ],
          [
            13.969187472354095,
            37.92014573372837
          ],
          [
            13.969291267503735,
            37.91970352903075
          ],
          [
            13.969390448969785,
            37.91926066530405
          ],
          [
            13.969484918344353,
            37.91881716037835
          ],
          [
            13.969574575401898,
            37.9183730337235
          ],
          [
            13.969659318129965,
            37.917928306533874
          ],
          [
            13.96973904277392,
            37.91748300181617
          ],
          [
            13.969813651438484,
            37.9170371452494
          ],
          [
            13.969883077640251,
            37.91659076753337
          ],
          [
            13.96994726629953,
            37.916143901721355
          ],
          [
            13.970006163744914,
            37.91569658205821
          ],
          [
            13.97005965000188,
            37.91524883914759
          ],
          [
            13.97010771187258,
            37.914800713394
          ],
          [
            13.970150323121958,
            37.914352244417096
          ],
          [
            13.970187436629887,
            37.913903471152125
          ],
          [
            13.970219007113013,
            37.91345443358379
          ],
          [
            13.970244897538972,
            37.913005169670896
          ],
          [
            13.970265119728175,
            37.91255572476505
          ],
          [
            13.970279668225313,
            37.912106143256146
          ],
          [
            13.970288506162607,
            37.911656469074465
          ],
          [
            13.970291466922532,
            37.911206746876815
          ],
          [
            13.970288622243919,
            37.91075702441124
          ],
          [
            13.970279964476592,
            37.91030734822685
          ],
          [
            13.970265373180185,
            37.90985776756847
          ],
          [
            13.970244833149197,
            37.90940833181762
          ],
          [
            13.970218401332371,
            37.908959087907846
          ],
          [
            13.970185951857642,
            37.90851008970949
          ],
          [
            13.970147489855881,
            37.9080613874526
          ],
          [
            13.970103082960632,
            37.907613027229466
          ],
          [
            13.970052554138897,
            37.90716507095018
          ],
          [
            13.969996024218846,
            37.9067175617269
          ],
          [
            13.9699334692519,
            37.90627055210832
          ],
          [
            13.96986478373575,
            37.905824103465335
          ],
          [
            13.969790124060491,
            37.905378252669344
          ],
          [
            13.96970931757691,
            37.90493306998971
          ],
          [
            13.969622506152078,
            37.90448859214762
          ],
          [
            13.96952963706885,
            37.90404487770498
          ],
          [
            13.969430707425074,
            37.903601979963824
          ],
          [
            13.96932580870063,
            37.90315993865051
          ],
          [
            13.96921482075335,
            37.90271882456191
          ],
          [
            13.96909794787713,
            37.90227865827402
          ],
          [
            13.968974992890017,
            37.901839525375664
          ],
          [
            13.968846200202163,
            37.90140143615101
          ],
          [
            13.968711422918224,
            37.90096446985263
          ],
          [
            13.968570832586487,
            37.900528646036875
          ],
          [
            13.968424360169594,
            37.90009403067152
          ],
          [
            13.968272117630159,
            37.89966065226801
          ],
          [
            13.968114101659976,
            37.89922856319876
          ],
          [
            13.967950374219415,
            37.89879780075281
          ],
          [
            13.967780989101856,
            37.89836840322243
          ],
          [
            13.967605964364486,
            37.89794041684891
          ],
          [
            13.967425405559979,
            37.89751386499316
          ],
          [
            13.967239289713628,
            37.8970888035582
          ],
          [
            13.96704777182149,
            37.896665239592814
          ],
          [
            13.966850787816027,
            37.896243240055796
          ],
          [
            13.966648542554193,
            37.89582279364254
          ],
          [
            13.966440928207332,
            37.89540398056083
          ],
          [
            13.96622819247396,
            37.89498677152831
          ],
          [
            13.966010208390465,
            37.89457125354764
          ],
          [
            13.9657872193467,
            37.894157393283095
          ],
          [
            13.965559149781043,
            37.89374526128855
          ],
          [
            13.965326173730023,
            37.893334842434626
          ],
          [
            13.96508829368186,
            37.89292617971248
          ],
          [
            13.964845605110606,
            37.89251928199841
          ],
          [
            13.964598197344445,
            37.892114158557675
          ],
          [
            13.964346077085128,
            37.891710848965054
          ],
          [
            13.96408943016843,
            37.891309321792484
          ],
          [
            13.963828163640239,
            37.89090965483856
          ],
          [
            13.963562511180466,
            37.89051179306086
          ],
          [
            13.963292445630346,
            37.89011578639875
          ],
          [
            13.963018076065165,
            37.88972162707074
          ],
          [
            13.962739507484002,
            37.88932930665571
          ],
          [
            13.962456710707007,
            37.888938875166254
          ],
          [
            13.962169877292858,
            37.88855028238648
          ],
          [
            13.961878999381915,
            37.88816356692221
          ],
          [
            13.961584168076696,
            37.88777872097072
          ],
          [
            13.961285507048336,
            37.88739571888837
          ],
          [
            13.960982979684262,
            37.88701461173828
          ],
          [
            13.960676744820136,
            37.88663535371931
          ],
          [
            13.960366883539198,
            37.88625793489604
          ],
          [
            13.960053355343804,
            37.8858824072658
          ],
          [
            13.95973633610567,
            37.88550870996801
          ],
          [
            13.95941588981609,
            37.88513683784244
          ],
          [
            13.959091991930865,
            37.884766833150294
          ],
          [
            13.958764791634925,
            37.88439864302757
          ],
          [
            13.958434357500554,
            37.884032256311
          ],
          [
            13.958100701901005,
            37.88366769275223
          ],
          [
            13.957763904739467,
            37.88330493321073
          ],
          [
            13.957424060271782,
            37.88294394842345
          ],
          [
            13.957081227578866,
            37.88258472799651
          ],
          [
            13.956735403947482,
            37.882227297932296
          ],
          [
            13.956386704387192,
            37.88187161277014
          ],
          [
            13.956035193347004,
            37.88151765571112
          ],
          [
            13.955680926653866,
            37.88116541413529
          ],
          [
            13.955323923512912,
            37.88081489779671
          ],
          [
            13.954964257597524,
            37.88046608136927
          ],
          [
            13.954602002289425,
            37.88011893818697
          ],
          [
            13.954237209997757,
            37.87977345389913
          ],
          [
            13.953869932293191,
            37.879429613795224
          ],
          [
            13.953500198938814,
            37.879087417017345
          ],
          [
            13.953128063676456,
            37.878746846024676
          ],
          [
            13.952753595819072,
            37.87840787153611
          ],
          [
            13.952376843462304,
            37.87807047765216
          ],
          [
            13.951997853864745,
            37.877734648234366
          ],
          [
            13.951616673451225,
            37.87740036692647
          ],
          [
            13.951233347816972,
            37.877067617174866
          ],
          [
            13.950847911018156,
            37.8767363900524
          ],
          [
            13.950460407003758,
            37.876406668893196
          ],
          [
            13.950070892060019,
            37.87607842712888
          ],
          [
            13.949679408420753,
            37.8757516476278
          ],
          [
            13.94928599752369,
            37.87542631315353
          ],
          [
            13.948890700018696,
            37.875102406380734
          ],
          [
            13.948493555776446,
            37.874779909910345
          ],
          [
            13.948094603897546,
            37.874458806284025
          ],
          [
            13.947693882722032,
            37.87413907799804
          ],
          [
            13.947291429839218,
            37.87382070751639
          ],
          [
            13.946887282097867,
            37.87350367728336
          ],
          [
            13.946481475616606,
            37.873187969735504
          ],
          [
            13.94607404579461,
            37.872873567312915
          ],
          [
            13.945665027322464,
            37.87256045247001
          ],
          [
            13.945254454193218,
            37.87224860768573
          ],
          [
            13.94484235971358,
            37.871938015473155
          ],
          [
            13.944428776515215,
            37.87162865838865
          ],
          [
            13.944013736566168,
            37.87132051904045
          ],
          [
            13.943597271182316,
            37.871013580096786
          ],
          [
            13.943179411038898,
            37.870707824293504
          ],
          [
            13.942760186182056,
            37.870403234441234
          ],
          [
            13.942339626040386,
            37.870099793432146
          ],
          [
            13.941917759436473,
            37.86979748424624
          ],
          [
            13.941494614598406,
            37.86949628995723
          ],
          [
            13.94107021917125,
            37.86919619373807
          ],
          [
            13.940644600228442,
            37.86889717886604
          ],
          [
            13.940217784283151,
            37.86859922872755
          ],
          [
            13.93978979168365,
            37.86830233188171
          ],
          [
            13.93936064424494,
            37.86800647531665
          ],
          [
            13.938930375674971,
            37.86771163489164
          ],
          [
            13.93849901040594,
            37.86741779443046
          ],
          [
            13.938066572363471,
            37.867124937885016
          ],
          [
            13.937633084977351,
            37.8668330493383
          ],
          [
            13.937198571192143,
            37.866542113007014
          ],
          [
            13.93676305347765,
            37.86625211324398
          ],
          [
            13.936326539083387,
            37.865963048461474
          ],
          [
            13.935889059861564,
            37.865674893752626
          ],
          [
            13.935450641325012,
            37.865387629754935
          ],
          [
            13.935011304183156,
            37.86510124134688
          ],
          [
            13.934571068719514,
            37.86481571355196
          ],
          [
            13.934129952807789,
            37.86453103346896
          ],
          [
            13.93368795859985,
            37.86424720328132
          ],
          [
            13.933245124605953,
            37.863964189727064
          ],
          [
            13.932801469530931,
            37.86368197838298
          ],
          [
            13.932357011698908,
            37.863400554975215
          ],
          [
            13.931911761901853,
            37.86311991247312
          ],
          [
            13.931465729673434,
            37.862840045022715
          ],
          [
            13.93101894777349,
            37.862560923484665
          ],
          [
            13.930571433115036,
            37.86228253415022
          ],
          [
            13.930123200142473,
            37.86200486560661
          ],
          [
            13.92967424633223,
            37.86172792347041
          ],
          [
            13.929224608925567,
            37.86145167308152
          ],
          [
            13.928774303547272,
            37.86117610129713
          ],
          [
            13.928323339733474,
            37.86090120104163
          ],
          [
            13.927871720894021,
            37.86062697147568
          ],
          [
            13.92741947966107,
            37.860353381624506
          ],
          [
            13.926966630485033,
            37.860080418905945
          ],
          [
            13.926513171576126,
            37.859808087471166
          ],
          [
            13.926059125895788,
            37.85953636576227
          ],
          [
            13.92560451458114,
            37.859265233845534
          ],
          [
            13.925149343084488,
            37.858994688014114
          ],
          [
            13.924693617566016,
            37.8587247238104
          ],
          [
            13.924237366477785,
            37.85845531318074
          ],
          [
            13.923780598415638,
            37.85818644878427
          ],
          [
            13.92332331131897,
            37.85791813456132
          ],
          [
            13.922865536623506,
            37.857650338797214
          ],
          [
            13.92240728270446,
            37.85738305408229
          ],
          [
            13.921948546363389,
            37.85711628537549
          ],
          [
            13.921489358442578,
            37.85685000109227
          ],
          [
            13.921029724408328,
            37.85658419668509
          ],
          [
            13.920569645629026,
            37.85631887202706
          ],
          [
            13.920109149470262,
            37.856053998811475
          ],
          [
            13.91964823642351,
            37.85578957767444
          ],
          [
            13.919186916859465,
            37.85552559852464
          ],
          [
            13.918725212422384,
            37.85526203886222
          ],
          [
            13.918263117136679,
            37.854998906244084
          ],
          [
            13.917800653641066,
            37.85473617691206
          ],
          [
            13.917337832631585,
            37.85447384003747
          ],
          [
            13.916874651414426,
            37.85421189948935
          ],
          [
            13.916411136371064,
            37.85395032705313
          ],
          [
            13.915947284627396,
            37.85368912668665
          ],
          [
            13.915483111533886,
            37.853428282183216
          ],
          [
            13.915018630054997,
            37.85316777986508
          ],
          [
            13.91455383736945,
            37.852907623556874
          ],
          [
            13.914088758057428,
            37.852647786541944
          ],
          [
            13.913623387594246,
            37.852388274461745
          ],
          [
            13.913157744213507,
            37.85212906752758
          ],
          [
            13.912691834053593,
            37.85187015938994
          ],
          [
            13.91222566251034,
            37.85161154451217
          ],
          [
            13.911759246809483,
            37.85135320401229
          ],
          [
            13.911292582084897,
            37.85109514381091
          ],
          [
            13.910825691395482,
            37.85083733834703
          ],
          [
            13.910358570419694,
            37.850579792876786
          ],
          [
            13.909891237068662,
            37.85032248752814
          ],
          [
            13.909423693422571,
            37.85006542027423
          ],
          [
            13.908955950243495,
            37.8498085792367
          ],
          [
            13.908488015503547,
            37.84955195565279
          ],
          [
            13.908019894553913,
            37.849295543712856
          ],
          [
            13.907551599648873,
            37.84903932972068
          ],
          [
            13.907083132248653,
            37.84878331224033
          ],
          [
            13.906614507492359,
            37.84852747421835
          ],
          [
            13.906145724261155,
            37.84827181712011
          ],
          [
            13.90567679938415,
            37.84801632189218
          ],
          [
            13.905207730276906,
            37.84776099164419
          ],
          [
            13.904738534209505,
            37.84750580675181
          ],
          [
            13.90426920879839,
            37.8472507700695
          ],
          [
            13.903799770158981,
            37.84699586323578
          ],
          [
            13.903330217207694,
            37.846741087591916
          ],
          [
            13.902860564418141,
            37.84648642660897
          ],
          [
            13.902390811826912,
            37.84623188032067
          ],
          [
            13.90192097276002,
            37.84597743347415
          ],
          [
            13.90145104797641,
            37.84572308525292
          ],
          [
            13.900981049986031,
            37.845468821307755
          ],
          [
            13.900510980031068,
            37.8452146402486
          ],
          [
            13.900040849827409,
            37.84496052861218
          ],
          [
            13.899570661474582,
            37.844706484005656
          ],
          [
            13.899100425371552,
            37.84445249446137
          ],
          [
            13.8986301449519,
            37.84419855603562
          ],
          [
            13.898159829031142,
            37.84394465857074
          ],
          [
            13.8976894823199,
            37.843690796639514
          ],
          [
            13.897219112320695,
            37.84343696158853
          ],
          [
            13.896748724696371,
            37.8431831468842
          ],
          [
            13.89627832603828,
            37.8429293449186
          ],
          [
            13.895807922507377,
            37.842675548579074
          ],
          [
            13.895337520312191,
            37.842421750697326
          ],
          [
            13.89486712553309,
            37.84216794425324
          ],
          [
            13.894396744646116,
            37.84191412177094
          ],
          [
            13.89392638295215,
            37.8416602771331
          ],
          [
            13.893456047962863,
            37.84140640167331
          ],
          [
            13.892985743778965,
            37.841152490665436
          ],
          [
            13.892515478646724,
            37.84089853460417
          ],
          [
            13.892045256409094,
            37.84064452906944
          ],
          [
            13.891575084584534,
            37.840390465407815
          ],
          [
            13.891104968341896,
            37.84013633768207
          ],
          [
            13.890634913205488,
            37.83988213955227
          ],
          [
            13.890164926817848,
            37.83962786224717
          ],
          [
            13.889695011519768,
            37.839373503108945
          ],
          [
            13.889225178676613,
            37.83911904910327
          ],
          [
            13.888755428281842,
            37.83886450028978
          ],
          [
            13.888285770394054,
            37.83860984516384
          ],
          [
            13.887816208447436,
            37.83835507984757
          ],
          [
            13.887346748118215,
            37.838100197898235
          ],
          [
            13.886877397969137,
            37.837845189576434
          ],
          [
            13.886408158259414,
            37.837590054677214
          ],
          [
            13.885939042591119,
            37.83733477772165
          ],
          [
            13.885470049173104,
            37.83707936087528
          ],
          [
            13.885001187814959,
            37.8368237930398
          ],
          [
            13.884532463799246,
            37.836568068314804
          ],
          [
            13.884063878932373,
            37.836312184781335
          ],
          [
            13.88359544735788,
            37.83605612646659
          ],
          [
            13.883127165168773,
            37.83579989799541
          ],
          [
            13.882659044906383,
            37.835543485271245
          ],
          [
            13.882191089315842,
            37.83528688537122
          ],
          [
            13.88172330137023,
            37.83503009512305
          ],
          [
            13.88125569531112,
            37.83477309859351
          ],
          [
            13.880788266245514,
            37.834515901568146
          ],
          [
            13.880321027958193,
            37.834258488691376
          ],
          [
            13.8798539825058,
            37.834000857909324
          ],
          [
            13.87938713200227,
            37.83374300711055
          ],
          [
            13.878920493078427,
            37.83348491784274
          ],
          [
            13.878454058776331,
            37.833226598261284
          ],
          [
            13.87798784269311,
            37.83296803339823
          ],
          [
            13.877521849052679,
            37.83270921886289
          ],
          [
            13.877056076537162,
            37.83245015648889
          ],
          [
            13.876590546094027,
            37.83219082320657
          ],
          [
            13.876125248464971,
            37.83193122977833
          ],
          [
            13.875660194726834,
            37.83167136424318
          ],
          [
            13.875195395046939,
            37.83141121571181
          ],
          [
            13.87473084435419,
            37.831150790280724
          ],
          [
            13.874266561253199,
            37.83089006775366
          ],
          [
            13.873802542976287,
            37.83062905170533
          ],
          [
            13.873338792169282,
            37.83036773970415
          ],
          [
            13.872875329564216,
            37.830106109378015
          ],
          [
            13.872412144073316,
            37.829844173527135
          ],
          [
            13.871949249440828,
            37.82958191757443
          ],
          [
            13.871486654443249,
            37.8293193324793
          ],
          [
            13.871024353475832,
            37.82905642500484
          ],
          [
            13.870562367125745,
            37.82879317324419
          ],
          [
            13.870100691739456,
            37.828529581868395
          ],
          [
            13.86963932794723,
            37.82826565085062
          ],
          [
            13.86917830186335,
            37.828001352481635
          ],
          [
            13.868717598540433,
            37.827736703752564
          ],
          [
            13.868257230052746,
            37.82747169229887
          ],
          [
            13.86779721164592,
            37.8272063024182
          ],
          [
            13.867337533340928,
            37.82694054568995
          ],
          [
            13.866878213394822,
            37.82667440326008
          ],
          [
            13.86641925598476,
            37.82640787150709
          ],
          [
            13.865960656207726,
            37.826140956549956
          ],
          [
            13.865502438575259,
            37.82587363306404
          ],
          [
            13.865044596072572,
            37.825605909487884
          ],
          [
            13.864587128940894,
            37.82533778647983
          ],
          [
            13.86413006798489,
            37.82506923230488
          ],
          [
            13.863673394942195,
            37.82480026735731
          ],
          [
            13.863217119951791,
            37.82453088190285
          ],
          [
            13.862761265959863,
            37.82426105281613
          ],
          [
            13.862305817621772,
            37.82399079734638
          ],
          [
            13.861850790606097,
            37.82372010012994
          ],
          [
            13.861396198934385,
            37.82344894765235
          ],
          [
            13.860942031286395,
            37.823177352904125
          ],
          [
            13.860488308431718,
            37.822905295435106
          ],
          [
            13.86003503558992,
            37.822632771077316
          ],
          [
            13.859582205406168,
            37.822359788687855
          ],
          [
            13.859129843682549,
            37.82208632289246
          ],
          [
            13.85867794700079,
            37.821812378558974
          ],
          [
            13.858226511890662,
            37.82153796056042
          ],
          [
            13.857775569101467,
            37.821263038779385
          ],
          [
            13.857325106776106,
            37.820987626771434
          ],
          [
            13.856875125229656,
            37.82071172559441
          ],
          [
            13.856425660059697,
            37.82043530058336
          ],
          [
            13.855976691197906,
            37.82015837360406
          ],
          [
            13.855528223744777,
            37.81988094096278
          ],
          [
            13.855080294692275,
            37.81960296701602
          ],
          [
            13.854632879355343,
            37.81932447817787
          ],
          [
            13.854185988561591,
            37.81904546516537
          ],
          [
            13.853739654029418,
            37.818765898034606
          ],
          [
            13.853293853274717,
            37.81848580086949
          ],
          [
            13.852848600384759,
            37.8182051613646
          ],
          [
            13.852403922123603,
            37.817923954871205
          ],
          [
            13.851959798045124,
            37.817642203342785
          ],
          [
            13.851516245348261,
            37.81735989166296
          ],
          [
            13.851073286172054,
            37.81707700006968
          ],
          [
            13.850630901939413,
            37.81679354858839
          ],
          [
            13.85018911281052,
            37.81650951950296
          ],
          [
            13.849747936634344,
            37.816224897530674
          ],
          [
            13.849307356530147,
            37.815939700971335
          ],
          [
            13.848867395468464,
            37.815653909717675
          ],
          [
            13.848428067344726,
            37.81536751256483
          ],
          [
            13.847989356800186,
            37.815080526286884
          ],
          [
            13.847551289466063,
            37.81479292858972
          ],
          [
            13.847113875618817,
            37.814504711954434
          ],
          [
            13.846677101247453,
            37.81421589182493
          ],
          [
            13.846240994496915,
            37.81392644391857
          ],
          [
            13.845805562354178,
            37.813636364023516
          ],
          [
            13.84537079198346,
            37.81334566644292
          ],
          [
            13.844936713900369,
            37.81305432509674
          ],
          [
            13.844503332124265,
            37.81276233871685
          ],
          [
            13.844070634825037,
            37.81246972064762
          ],
          [
            13.843638654750698,
            37.81217644319471
          ],
          [
            13.843207393265248,
            37.81188250768775
          ],
          [
            13.842776839378732,
            37.811587926685824
          ],
          [
            13.842347027938699,
            37.81129267105484
          ],
          [
            13.841917957955062,
            37.8109967443949
          ],
          [
            13.841489619117253,
            37.81070015864413
          ],
          [
            13.841062048245123,
            37.81040288339451
          ],
          [
            13.840635242284081,
            37.81010492420844
          ],
          [
            13.840209191447306,
            37.80980629255796
          ],
          [
            13.839783934405249,
            37.80950695691841
          ],
          [
            13.839359466316708,
            37.80920692452521
          ],
          [
            13.838935777768135,
            37.80890620652979
          ],
          [
            13.83851290916388,
            37.808604770440176
          ],
          [
            13.838090854143136,
            37.80830262489344
          ],
          [
            13.83766960351998,
            37.80799978085687
          ],
          [
            13.837249199319984,
            37.80769620501342
          ],
          [
            13.836829633920527,
            37.807391907146766
          ],
          [
            13.836410898221677,
            37.80708689816822
          ],
          [
            13.835993035760186,
            37.80678114407217
          ],
          [
            13.835576037902731,
            37.80647465554765
          ],
          [
            13.835159895496563,
            37.806167443571134
          ],
          [
            13.834744653480227,
            37.805859473580675
          ],
          [
            13.83433030245774,
            37.805550756940285
          ],
          [
            13.833916833085778,
            37.80524130480697
          ],
          [
            13.833504291593508,
            37.80493108219259
          ],
          [
            13.833092668071872,
            37.804620100912636
          ],
          [
            13.83268195284805,
            37.80430837241626
          ],
          [
            13.832272193325764,
            37.80399586141935
          ],
          [
            13.831863379339843,
            37.80368257996783
          ],
          [
            13.831455500745017,
            37.80336853991293
          ],
          [
            13.83104860599492,
            37.80305370580765
          ],
          [
            13.830642684939644,
            37.80273808970445
          ],
          [
            13.83023772681106,
            37.802421703967525
          ],
          [
            13.82983378097509,
            37.80210451312576
          ],
          [
            13.829430837591277,
            37.801786529005696
          ],
          [
            13.829028885106654,
            37.80146776459904
          ],
          [
            13.828627973643723,
            37.80114818455846
          ],
          [
            13.828228093998295,
            37.80082780023696
          ],
          [
            13.827829233654192,
            37.800506625375206
          ],
          [
            13.827431443310838,
            37.800184624910145
          ],
          [
            13.827034714771077,
            37.799861809451514
          ],
          [
            13.826639034355209,
            37.79953819362068
          ],
          [
            13.826244453129272,
            37.79921374281582
          ],
          [
            13.825850964330806,
            37.798888466603906
          ],
          [
            13.825458552887968,
            37.798562380632774
          ],
          [
            13.825067269984917,
            37.79823545095934
          ],
          [
            13.82467711079307,
            37.79790768577042
          ],
          [
            13.824288058584328,
            37.79757910190414
          ],
          [
            13.82390016436585,
            37.79724966629833
          ],
          [
            13.823513425830047,
            37.79691938537608
          ],
          [
            13.823127824284873,
            37.79658827735166
          ],
          [
            13.822743410209364,
            37.796256310295256
          ],
          [
            13.822360184510236,
            37.79592348842741
          ],
          [
            13.821978126171256,
            37.79558983155101
          ],
          [
            13.821597284725835,
            37.795255309153596
          ],
          [
            13.821217665114741,
            37.794919922750275
          ],
          [
            13.820839243574776,
            37.79458369397585
          ],
          [
            13.820462068198509,
            37.794246594058514
          ],
          [
            13.820086148929146,
            37.79390862123166
          ],
          [
            13.819711458760272,
            37.79356979924078
          ],
          [
            13.819338043758275,
            37.79323010142085
          ],
          [
            13.818965920010106,
            37.792889522064606
          ],
          [
            13.818595056684437,
            37.79254808734707
          ],
          [
            13.818225497132563,
            37.79220577312348
          ],
          [
            13.8178572649258,
            37.79186256899511
          ],
          [
            13.817490324727766,
            37.79151850392994
          ],
          [
            13.817124716367044,
            37.79117355676907
          ],
          [
            13.816760471252573,
            37.790827712366294
          ],
          [
            13.816397539654632,
            37.79048100881279
          ],
          [
            13.816035943309878,
            37.79013343720503
          ],
          [
            13.815675710856615,
            37.789784984469506
          ],
          [
            13.81531678360054,
            37.78943569372848
          ],
          [
            13.814959177951526,
            37.789085559537874
          ],
          [
            13.814602933342943,
            37.788734562113504
          ],
          [
            13.814247986347292,
            37.78838274673178
          ],
          [
            13.81389434825619,
            37.7880301111626
          ],
          [
            13.813542069168196,
            37.787676629248516
          ],
          [
            13.813191080923621,
            37.78732234834267
          ],
          [
            13.812841390253036,
            37.78696726898213
          ],
          [
            13.812493056981967,
            37.78661135945461
          ],
          [
            13.812146008623515,
            37.78625466886645
          ],
          [
            13.811800248306076,
            37.785897199855775
          ],
          [
            13.811455843841879,
            37.78553891641683
          ],
          [
            13.811112719222603,
            37.78517986885896
          ],
          [
            13.810770875333988,
            37.784820061052585
          ],
          [
            13.810430385435572,
            37.784459454369006
          ],
          [
            13.810091171202691,
            37.78409809956103
          ],
          [
            13.809753233039475,
            37.78373600067449
          ],
          [
            13.809416646313405,
            37.78337311850776
          ],
          [
            13.809081331988173,
            37.78300950330348
          ],
          [
            13.808747292151901,
            37.782645158050535
          ],
          [
            13.808414600135606,
            37.78228004537813
          ],
          [
            13.808083178198046,
            37.78191421388426
          ],
          [
            13.807753032686907,
            37.781547664103826
          ],
          [
            13.807424229937556,
            37.7811803632322
          ],
          [
            13.807096695917235,
            37.78081235691887
          ],
          [
            13.8067704442267,
            37.78044364169225
          ],
          [
            13.806445528416925,
            37.780074192362065
          ],
          [
            13.80612188099093,
            37.7797040501657
          ],
          [
            13.805799526224806,
            37.779333205924594
          ],
          [
            13.805478498246451,
            37.77896164540841
          ],
          [
            13.805158739345778,
            37.77858940382722
          ],
          [
            13.80484028833911,
            37.778216464453116
          ],
          [
            13.804523152416238,
            37.777842827646104
          ],
          [
            13.804207287341821,
            37.77746852082871
          ],
          [
            13.803892750797207,
            37.777093517743964
          ],
          [
            13.803579514609648,
            37.77671783724797
          ],
          [
            13.803267552159346,
            37.77634149707545
          ],
          [
            13.802956944798272,
            37.775964459326616
          ],
          [
            13.802647619617073,
            37.7755867655279
          ],
          [
            13.802339593463895,
            37.77520841094886
          ],
          [
            13.802032912955923,
            37.7748293760236
          ],
          [
            13.801727513792104,
            37.77444969716466
          ],
          [
            13.801423451491756,
            37.774069350495594
          ],
          [
            13.80112070978683,
            37.77368834816156
          ],
          [
            13.800819257181441,
            37.773306709609756
          ],
          [
            13.800519183460787,
            37.772924394717975
          ],
          [
            13.80022040225028,
            37.7725414497651
          ],
          [
            13.799922960838149,
            37.77215785563782
          ],
          [
            13.799626865150199,
            37.77177361349406
          ],
          [
            13.799332070813884,
            37.771388748511
          ],
          [
            13.799038674556417,
            37.77100321858356
          ],
          [
            13.798746585824142,
            37.77061707068686
          ],
          [
            13.79845586379858,
            37.77023028083675
          ],
          [
            13.798166497200835,
            37.76984285833937
          ],
          [
            13.797878469352064,
            37.769454814887
          ],
          [
            13.797591842489162,
            37.76906612574816
          ],
          [
            13.797306542357118,
            37.768676829029786
          ],
          [
            13.797022663037472,
            37.76828688582308
          ],
          [
            13.796740130999277,
            37.76789633354982
          ],
          [
            13.796459003668415,
            37.767505150340924
          ],
          [
            13.79617926138432,
            37.767113349077846
          ],
          [
            13.79590091283042,
            37.76672092995785
          ],
          [
            13.795623983730477,
            37.766327885720685
          ],
          [
            13.795348442760641,
            37.765934234220886
          ],
          [
            13.795074352122693,
            37.765539952483024
          ],
          [
            13.79480164966026,
            37.7651450715788
          ],
          [
            13.794530424693681,
            37.764749557278044
          ],
          [
            13.794260593883067,
            37.764353449392345
          ],
          [
            13.79399226381871,
            37.76395670693748
          ],
          [
            13.793725340138378,
            37.76355937394421
          ],
          [
            13.793459936325167,
            37.76316140722142
          ],
          [
            13.793195957709369,
            37.762762850448674
          ],
          [
            13.79293351371809,
            37.76236366282804
          ],
          [
            13.792672520688056,
            37.761963883061355
          ],
          [
            13.7924130724229,
            37.761563477403406
          ],
          [
            13.792155108228252,
            37.76116247488923
          ],
          [
            13.79189869404671,
            37.76076085355173
          ],
          [
            13.791643804817937,
            37.7603586280011
          ],
          [
            13.791390465659731,
            37.7599557928462
          ],
          [
            13.791138700572604,
            37.75955234343901
          ],
          [
            13.790888480098378,
            37.759148295840916
          ],
          [
            13.790639891551317,
            37.75874362123079
          ],
          [
            13.790392862600859,
            37.758338352131915
          ],
          [
            13.790147480097351,
            37.75793246040426
          ],
          [
            13.789903714538378,
            37.757525962232194
          ],
          [
            13.789661575205468,
            37.75711885900346
          ],
          [
            13.78942113448456,
            37.756711129115864
          ],
          [
            13.789182335508714,
            37.75630279864994
          ],
          [
            13.788945242456087,
            37.75589384936087
          ],
          [
            13.788709870116787,
            37.755484281382614
          ],
          [
            13.788476195779324,
            37.75507410815874
          ],
          [
            13.788244292508177,
            37.75466330923885
          ],
          [
            13.788014156877848,
            37.75425189158754
          ],
          [
            13.78778578121164,
            37.75383986345656
          ],
          [
            13.787559225663552,
            37.75342720982175
          ],
          [
            13.78733451213341,
            37.75301392927804
          ],
          [
            13.787111626869168,
            37.75260003247763
          ],
          [
            13.78689059487089,
            37.75218551697637
          ],
          [
            13.786671505776939,
            37.75177035943224
          ],
          [
            13.786454322295901,
            37.75135457869189
          ],
          [
            13.78623907007103,
            37.75093817280287
          ],
          [
            13.786025777706165,
            37.75052113910431
          ],
          [
            13.785814517506603,
            37.75010346151833
          ],
          [
            13.785605286505822,
            37.74968514817901
          ],
          [
            13.785398104623146,
            37.74926620001583
          ],
          [
            13.78519300467731,
            37.7488466141933
          ],
          [
            13.784990020683198,
            37.74842638783951
          ],
          [
            13.784789191838653,
            37.74800551688861
          ],
          [
            13.784590581185048,
            37.74758399073901
          ],
          [
            13.78439419265496,
            37.74716181657308
          ],
          [
            13.784200065428776,
            37.746738991434384
          ],
          [
            13.784008240162441,
            37.74631551235949
          ],
          [
            13.783818759054284,
            37.745891376386076
          ],
          [
            13.783631665915353,
            37.74546658056207
          ],
          [
            13.783447006243428,
            37.745041121955715
          ],
          [
            13.783264827300956,
            37.7446149976669
          ],
          [
            13.783085178197101,
            37.74418820483975
          ],
          [
            13.782908109974157,
            37.74376074067658
          ],
          [
            13.78273367569858,
            37.74333260245342
          ],
          [
            13.782561930556879,
            37.74290378753727
          ],
          [
            13.782392931956654,
            37.74247429340519
          ],
          [
            13.78222673963309,
            37.742044117665394
          ],
          [
            13.782063415761188,
            37.74161325808072
          ],
          [
            13.781903025074056,
            37.741181712594475
          ],
          [
            13.78174568400376,
            37.740749468347865
          ],
          [
            13.781591424495891,
            37.74031653282976
          ],
          [
            13.781440317667672,
            37.739882905310594
          ],
          [
            13.781292440301993,
            37.73944858479943
          ],
          [
            13.781147898195023,
            37.739013565407184
          ],
          [
            13.78100681830772,
            37.738577838613196
          ],
          [
            13.780869229470966,
            37.73814141704072
          ],
          [
            13.780735239532435,
            37.73770429845712
          ],
          [
            13.780605038352064,
            37.73726646727166
          ],
          [
            13.780478628262358,
            37.73682794464378
          ],
          [
            13.78035621145477,
            37.73638871689865
          ],
          [
            13.780237868845758,
            37.73594879416689
          ],
          [
            13.780123757406496,
            37.735508175723545
          ],
          [
            13.780014002946272,
            37.73506686834813
          ],
          [
            13.779908793344822,
            37.73462487211281
          ],
          [
            13.779808209701521,
            37.73418220551464
          ],
          [
            13.779712558754095,
            37.73373885843765
          ],
          [
            13.779621913990043,
            37.73329485691927
          ],
          [
            13.779536478160923,
            37.732850212483385
          ],
          [
            13.779456508442209,
            37.732404935163665
          ],
          [
            13.779382238354708,
            37.73195904356498
          ],
          [
            13.779313870936248,
            37.73151256453853
          ],
          [
            13.77925167237729,
            37.73106552422739
          ],
          [
            13.779195926084649,
            37.73061795424277
          ],
          [
            13.779146933887562,
            37.73016989247835
          ],
          [
            13.77910501730777,
            37.729721384040616
          ],
          [
            13.779070518889972,
            37.72927248231055
          ],
          [
            13.779043840531749,
            37.72882324898734
          ],
          [
            13.779025432512409,
            37.72837375773579
          ],
          [
            13.779015648617486,
            37.72792409865269
          ],
          [
            13.779015015318887,
            37.72747437403966
          ],
          [
            13.77902409563816,
            37.72702470685115
          ],
          [
            13.779043386523783,
            37.726575241218114
          ],
          [
            13.779073401052546,
            37.72612614242035
          ],
          [
            13.779114791819351,
            37.72567760815978
          ],
          [
            13.779168016521211,
            37.7252298534085
          ],
          [
            13.779233685737086,
            37.72478313014772
          ],
          [
            13.779312421982059,
            37.724337725553966
          ],
          [
            13.779404855174548,
            37.72389396460923
          ],
          [
            13.779511617158768,
            37.72345221246627
          ],
          [
            13.779633446074834,
            37.72301289676384
          ],
          [
            13.779770963496828,
            37.72257647716675
          ],
          [
            13.779924774787478,
            37.722143460300096
          ],
          [
            13.780095632286947,
            37.72171444432414
          ],
          [
            13.780284094137949,
            37.72129004825101
          ],
          [
            13.780490704793273,
            37.72087094947083
          ],
          [
            13.780716004684978,
            37.72045789484108
          ],
          [
            13.78096043892383,
            37.72005167602661
          ],
          [
            13.781224339964327,
            37.71965311917571
          ],
          [
            13.781507911968141,
            37.71926307187216
          ],
          [
            13.78181121791107,
            37.71888238765151
          ],
          [
            13.78213417042914,
            37.71851190860398
          ],
          [
            13.782476527891124,
            37.7181524472088
          ],
          [
            13.782838040954312,
            37.71780486600534
          ],
          [
            13.783218014759882,
            37.71746977725366
          ],
          [
            13.783615767809763,
            37.71714779630376
          ],
          [
            13.784030614411007,
            37.716839544143326
          ],
          [
            13.784461491753868,
            37.716545309777665
          ],
          [
            13.784907416790901,
            37.71626538704888
          ],
          [
            13.785367419546107,
            37.71600003174762
          ],
          [
            13.785840316633278,
            37.715749191840224
          ],
          [
            13.786325027644615,
            37.71551281306221
          ],
          [
            13.786820486093696,
            37.71529074374467
          ],
          [
            13.787325656280117,
            37.71508274558993
          ],
          [
            13.7878395469513,
            37.71488850571169
          ],
          [
            13.788361221684488,
            37.71470764923595
          ],
          [
            13.788889806120274,
            37.71453975185117
          ],
          [
            13.789424492332286,
            37.714384351814815
          ],
          [
            13.789964540715168,
            37.714240961052155
          ],
          [
            13.790509317456356,
            37.71410917722574
          ],
          [
            13.791058193393535,
            37.713988449663574
          ],
          [
            13.791610641483299,
            37.71387833360535
          ],
          [
            13.792166164722527,
            37.713778312613734
          ],
          [
            13.792724358871622,
            37.71368802396076
          ],
          [
            13.79328481685859,
            37.71360693795866
          ],
          [
            13.79384720380505,
            37.713534644126064
          ],
          [
            13.794411220732163,
            37.71347074288262
          ],
          [
            13.794976601627457,
            37.71341484708637
          ],
          [
            13.795543110581384,
            37.713366583171286
          ],
          [
            13.796110539035013,
            37.71332559194
          ],
          [
            13.796678703167988,
            37.71329152906363
          ],
          [
            13.797247441445677,
            37.713264065336205
          ],
          [
            13.797816616698677,
            37.713242974393786
          ],
          [
            13.79838609838627,
            37.713227889038826
          ],
          [
            13.798955778658112,
            37.713218561077554
          ],
          [
            13.799525561471796,
            37.713214764342354
          ],
          [
            13.800095361896355,
            37.713216223633744
          ],
          [
            13.800665106120967,
            37.71322272347474
          ],
          [
            13.801234728417503,
            37.71323407898494
          ],
          [
            13.801804173629291,
            37.713250038939286
          ],
          [
            13.802373392492386,
            37.71327042329736
          ],
          [
            13.802942338994722,
            37.713295096820126
          ],
          [
            13.80351097784671,
            37.71332385156509
          ],
          [
            13.80407927697263,
            37.71335652429338
          ],
          [
            13.804647208304763,
            37.71339296488935
          ],
          [
            13.805214747751684,
            37.71343302980589
          ],
          [
            13.805781874803067,
            37.71347658180451
          ],
          [
            13.80634857216916,
            37.713523489698495
          ],
          [
            13.806914825452246,
            37.713573628100676
          ],
          [
            13.807480622847569,
            37.71362687717658
          ],
          [
            13.808045952094854,
            37.71368313931526
          ],
          [
            13.808610803912408,
            37.713742313349826
          ],
          [
            13.809175175772728,
            37.71380427449241
          ],
          [
            13.80973906375825,
            37.71386892228685
          ],
          [
            13.81030246005856,
            37.713936188171
          ],
          [
            13.810865361235606,
            37.71400598851028
          ],
          [
            13.811427773352104,
            37.714078203188514
          ],
          [
            13.81198968689162,
            37.714152796844914
          ],
          [
            13.812551107851357,
            37.71422966624973
          ],
          [
            13.813112037224771,
            37.71430873998978
          ],
          [
            13.813672472450294,
            37.71438996715681
          ],
          [
            13.81423242182539,
            37.714473255693306
          ],
          [
            13.81479188234467,
            37.71455856623854
          ],
          [
            13.815350860798763,
            37.71464582320816
          ],
          [
            13.815909362054736,
            37.7147349635126
          ],
          [
            13.816467382600035,
            37.71482596000822
          ],
          [
            13.817024937528863,
            37.714918717499
          ],
          [
            13.817582022219069,
            37.715013218756916
          ],
          [
            13.818138643458736,
            37.71510940620083
          ],
          [
            13.818694811192309,
            37.71520721422811
          ],
          [
            13.819250526782382,
            37.715306610471586
          ],
          [
            13.819805789927203,
            37.71540756961841
          ],
          [
            13.82036061370779,
            37.71551002240117
          ],
          [
            13.820915002887409,
            37.715613930465985
          ],
          [
            13.821468962362934,
            37.71571925661778
          ],
          [
            13.822022492467461,
            37.71582597980814
          ],
          [
            13.822575601359613,
            37.715934054827926
          ],
          [
            13.823128296670294,
            37.716043439944805
          ],
          [
            13.82368058365701,
            37.71615410237684
          ],
          [
            13.8242324676352,
            37.716266010310704
          ],
          [
            13.824783953966767,
            37.716379132869115
          ],
          [
            13.82533504804951,
            37.71649344007941
          ],
          [
            13.82588575530738,
            37.71660890284329
          ],
          [
            13.826436081181523,
            37.71672549290765
          ],
          [
            13.826986031122031,
            37.71684318283644
          ],
          [
            13.827535610580359,
            37.71696194598359
          ],
          [
            13.828084825002385,
            37.7170817564669
          ],
          [
            13.828633679822028,
            37.717202589142836
          ],
          [
            13.82918218045543,
            37.71732441958232
          ],
          [
            13.82973033229561,
            37.71744722404732
          ],
          [
            13.830278140707616,
            37.71757097946833
          ],
          [
            13.830825611024093,
            37.71769566342264
          ],
          [
            13.831372748541257,
            37.717821254113446
          ],
          [
            13.831919558515251,
            37.71794773034962
          ],
          [
            13.832466046158837,
            37.71807507152629
          ],
          [
            13.833012216638425,
            37.7182032576061
          ],
          [
            13.833558069162512,
            37.718332284614924
          ],
          [
            13.834103614225992,
            37.71846211911417
          ],
          [
            13.834648856957426,
            37.71859274234657
          ],
          [
            13.835193802335944,
            37.71872413630465
          ],
          [
            13.835738455283328,
            37.71885628346693
          ],
          [
            13.836282816161026,
            37.71898917823183
          ],
          [
            13.836826890439825,
            37.719122802099044
          ],
          [
            13.837370686432525,
            37.719257129773055
          ],
          [
            13.837914208839694,
            37.719392145476306
          ],
          [
            13.83845745857398,
            37.71952784311023
          ],
          [
            13.839000438027696,
            37.719664212949546
          ],
          [
            13.839543157429807,
            37.71980122612612
          ],
          [
            13.840085621244329,
            37.719938868411724
          ],
          [
            13.840627824946836,
            37.72007714768151
          ],
          [
            13.841169780069666,
            37.72021603264755
          ],
          [
            13.841711492490862,
            37.72035550622193
          ],
          [
            13.842252958685524,
            37.7204955741565
          ],
          [
            13.8427941869632,
            37.720636213720354
          ],
          [
            13.843335184939683,
            37.72077740420539
          ],
          [
            13.843875947219244,
            37.720919156054876
          ],
          [
            13.844416484763999,
            37.72106144084537
          ],
          [
            13.84495680261428,
            37.72120424452565
          ],
          [
            13.845496894919801,
            37.721347578718266
          ],
          [
            13.846036776508098,
            37.72149140657292
          ],
          [
            13.846576443837517,
            37.7216357344795
          ],
          [
            13.847115902515652,
            37.72178054747941
          ],
          [
            13.847655159358235,
            37.721925828031466
          ],
          [
            13.848194209441337,
            37.722071585789365
          ],
          [
            13.848733067087705,
            37.72221778613781
          ],
          [
            13.849271724196901,
            37.72236444612029
          ],
          [
            13.84981019420054,
            37.72251153349189
          ],
          [
            13.850348473106854,
            37.722659055953784
          ],
          [
            13.850886568915529,
            37.722806993935194
          ],
          [
            13.851424481911856,
            37.72295534549993
          ],
          [
            13.851962216641565,
            37.72310409911039
          ],
          [
            13.85249977577345,
            37.72325324756896
          ],
          [
            13.85303716221228,
            37.7234027831922
          ],
          [
            13.853574379279939,
            37.723552697449705
          ],
          [
            13.854111429892436,
            37.72370298276955
          ],
          [
            13.854648316453238,
            37.72385363279453
          ],
          [
            13.855185043385244,
            37.72400463673397
          ],
          [
            13.855721610756559,
            37.724155993510315
          ],
          [
            13.85625802584042,
            37.724307686173745
          ],
          [
            13.85679428510283,
            37.724459721655116
          ],
          [
            13.857330399862903,
            37.72461207427369
          ],
          [
            13.857866361863662,
            37.724764761340175
          ],
          [
            13.858402184449925,
            37.72491775291413
          ],
          [
            13.858937862878866,
            37.72507105863707
          ],
          [
            13.85947340377475,
            37.72522466339701
          ],
          [
            13.860008809466317,
            37.725378561489535
          ],
          [
            13.86054407896735,
            37.7255327544163
          ],
          [
            13.861079221084019,
            37.72568722253613
          ],
          [
            13.861614230613934,
            37.72584197649746
          ],
          [
            13.862149116133438,
            37.725996997268545
          ],
          [
            13.862683878803724,
            37.72615228184052
          ],
          [
            13.863218517493612,
            37.72630783212718
          ],
          [
            13.863753040273597,
            37.72646363036558
          ],
          [
            13.864287444557984,
            37.726619681624605
          ],
          [
            13.864821734567036,
            37.72677597645131
          ],
          [
            13.86535591523446,
            37.72693250392863
          ],
          [
            13.865889982752151,
            37.72708927174394
          ],
          [
            13.866423944288808,
            37.72724626428892
          ],
          [
            13.866957802873205,
            37.72740347479493
          ],
          [
            13.86749155447956,
            37.72756091141848
          ],
          [
            13.868025207167538,
            37.72771855679283
          ],
          [
            13.868558763118966,
            37.72787640601359
          ],
          [
            13.869092218931234,
            37.72803446593293
          ],
          [
            13.869625581827593,
            37.72819272106441
          ],
          [
            13.870158854034786,
            37.72835116646845
          ],
          [
            13.870692033457791,
            37.72850980626968
          ],
          [
            13.871225125071128,
            37.72866862979405
          ],
          [
            13.871758131879687,
            37.72882763052589
          ],
          [
            13.872291053631342,
            37.72898680876585
          ],
          [
            13.872823891939946,
            37.72914616092525
          ],
          [
            13.873356651170512,
            37.72930567770575
          ],
          [
            13.873889333125023,
            37.7294653551708
          ],
          [
            13.87442193577698,
            37.72962519734046
          ],
          [
            13.874954464743263,
            37.72978519237353
          ],
          [
            13.8754869219627,
            37.729945336088974
          ],
          [
            13.876019308287077,
            37.73010562656721
          ],
          [
            13.876551623813706,
            37.73026606345228
          ],
          [
            13.877083872977147,
            37.730426637433965
          ],
          [
            13.877616057477658,
            37.73058734487223
          ],
          [
            13.878148178037042,
            37.73074818415281
          ],
          [
            13.878680235357239,
            37.7309091537057
          ],
          [
            13.879212233216109,
            37.73107024563778
          ],
          [
            13.8797441732599,
            37.731231456459625
          ],
          [
            13.880276056807105,
            37.73139278336336
          ],
          [
            13.880807883654152,
            37.73155422667012
          ],
          [
            13.881339657714163,
            37.73171577825916
          ],
          [
            13.88187138058188,
            37.731877434780344
          ],
          [
            13.882403053840395,
            37.73203919291472
          ],
          [
            13.882934677792296,
            37.732201051969575
          ],
          [
            13.883466254614122,
            37.732363007421924
          ],
          [
            13.883997786652085,
            37.732525054411894
          ],
          [
            13.884529275440748,
            37.73268718974689
          ],
          [
            13.885060722503708,
            37.732849410262624
          ],
          [
            13.885592128151144,
            37.733011715274706
          ],
          [
            13.886123494817268,
            37.73317409977026
          ],
          [
            13.886654824392414,
            37.73333655985344
          ],
          [
            13.887186118354522,
            37.73349909247455
          ],
          [
            13.887717378171214,
            37.733661694609545
          ],
          [
            13.888248604758425,
            37.73382436436084
          ],
          [
            13.888779799542533,
            37.733987098795495
          ],
          [
            13.889310964636984,
            37.73414989358823
          ],
          [
            13.889842101466508,
            37.73431274581885
          ],
          [
            13.890373211446146,
            37.73447565259035
          ],
          [
            13.890904295981343,
            37.734638611028494
          ],
          [
            13.891435355983202,
            37.73480161926528
          ],
          [
            13.891966393099759,
            37.734964673939565
          ],
          [
            13.892497409029199,
            37.735127771591884
          ],
          [
            13.89302840513722,
            37.735290909440195
          ],
          [
            13.893559382780534,
            37.735454084723
          ],
          [
            13.894090343306964,
            37.73561729469899
          ],
          [
            13.894621288016253,
            37.73578053672623
          ],
          [
            13.895152217909544,
            37.735943808769434
          ],
          [
            13.895683134759768,
            37.736107107231476
          ],
          [
            13.89621403987798,
            37.73627042945262
          ],
          [
            13.896744934566911,
            37.73643377279132
          ],
          [
            13.897275820121063,
            37.73659713462385
          ],
          [
            13.897806697826827,
            37.73676051234392
          ],
          [
            13.898337568962564,
            37.73692390336237
          ],
          [
            13.8988684347266,
            37.73708730525273
          ],
          [
            13.89939929646913,
            37.73725071528176
          ],
          [
            13.89993015549475,
            37.73741413080898
          ],
          [
            13.900461013048726,
            37.73757754931427
          ],
          [
            13.900991870368822,
            37.73774096829283
          ],
          [
            13.901522728685398,
            37.73790438525491
          ],
          [
            13.902053589221504,
            37.73806779772539
          ],
          [
            13.902584453192972,
            37.73823120324359
          ],
          [
            13.903115321808505,
            37.73839459936285
          ],
          [
            13.903646196420464,
            37.73855798334525
          ],
          [
            13.904177078134705,
            37.73872135295118
          ],
          [
            13.904707968125527,
            37.738884705801766
          ],
          [
            13.90523886757232,
            37.73904803950699
          ],
          [
            13.90576977764783,
            37.739211351689335
          ],
          [
            13.906300699518237,
            37.739374639983495
          ],
          [
            13.906831634343243,
            37.7395379020361
          ],
          [
            13.907362583276164,
            37.73970113550541
          ],
          [
            13.907893547463999,
            37.73986433806109
          ],
          [
            13.90842452804753,
            37.74002750738387
          ],
          [
            13.908955526226137,
            37.74019064103403
          ],
          [
            13.909486543373166,
            37.74035373621708
          ],
          [
            13.910017580334221,
            37.74051679120696
          ],
          [
            13.910548638224586,
            37.74067980372889
          ],
          [
            13.911079718153749,
            37.74084277151784
          ],
          [
            13.911610821225478,
            37.74100569231824
          ],
          [
            13.912141948537911,
            37.74116856388372
          ],
          [
            13.912673101183618,
            37.74133138397689
          ],
          [
            13.913204280249682,
            37.74149415036907
          ],
          [
            13.913735486817776,
            37.741656860840045
          ],
          [
            13.91426672196424,
            37.741819513177845
          ],
          [
            13.914797986760144,
            37.74198210517847
          ],
          [
            13.915329282271367,
            37.74214463464572
          ],
          [
            13.915860609558672,
            37.74230709939086
          ],
          [
            13.916391969677768,
            37.74246949723248
          ],
          [
            13.916923364029769,
            37.74263182528154
          ],
          [
            13.917454793439918,
            37.742794081819596
          ],
          [
            13.917986258833624,
            37.74295626492127
          ],
          [
            13.91851776124607,
            37.743118372434026
          ],
          [
            13.919049301707767,
            37.74328040221144
          ],
          [
            13.919580881244604,
            37.743442352112986
          ],
          [
            13.920112500877924,
            37.74360422000381
          ],
          [
            13.920644161624582,
            37.74376600375453
          ],
          [
            13.921175864497018,
            37.743927701241
          ],
          [
            13.92170761050331,
            37.74408931034412
          ],
          [
            13.922239400647243,
            37.74425082894963
          ],
          [
            13.92277123592837,
            37.74441225494787
          ],
          [
            13.923303117342071,
            37.744573586233585
          ],
          [
            13.923835045879615,
            37.744734820705766
          ],
          [
            13.924367022528221,
            37.74489595626737
          ],
          [
            13.924899048271117,
            37.74505699082517
          ],
          [
            13.925431124087593,
            37.74521792228954
          ],
          [
            13.925963250953066,
            37.745378748574254
          ],
          [
            13.926495429839136,
            37.745539467596295
          ],
          [
            13.927027661713634,
            37.745700077275636
          ],
          [
            13.927559947540688,
            37.74586057553507
          ],
          [
            13.928092288280773,
            37.74602096030002
          ],
          [
            13.928624684890764,
            37.74618122949831
          ],
          [
            13.929157138323994,
            37.74634138106001
          ],
          [
            13.929689649530301,
            37.746501412917226
          ],
          [
            13.930222219556724,
            37.74666132279503
          ],
          [
            13.930754849486066,
            37.74682110833807
          ],
          [
            13.93128754001316,
            37.74698076799118
          ],
          [
            13.931820292073908,
            37.74714029969374
          ],
          [
            13.932353106600996,
            37.74729970138618
          ],
          [
            13.932885984523935,
            37.747458971009834
          ],
          [
            13.933418926769116,
            37.74761810650671
          ],
          [
            13.933951934259854,
            37.74777710581933
          ],
          [
            13.934485007916436,
            37.74793596689058
          ],
          [
            13.935018148656164,
            37.74809468766346
          ],
          [
            13.935551357393402,
            37.74825326608096
          ],
          [
            13.936084635039624,
            37.748411700085846
          ],
          [
            13.93661798250345,
            37.74856998762049
          ],
          [
            13.937151400690693,
            37.74872812662672
          ],
          [
            13.937684890504409,
            37.748886115045586
          ],
          [
            13.938218452844922,
            37.749043950817224
          ],
          [
            13.93875208860988,
            37.749201631880666
          ],
          [
            13.939285798694291,
            37.74935915617366
          ],
          [
            13.939819583990559,
            37.74951652163251
          ],
          [
            13.94035344538853,
            37.74967372619186
          ],
          [
            13.940887383775518,
            37.74983076778457
          ],
          [
            13.941421400036361,
            37.74998764434151
          ],
          [
            13.941955495053442,
            37.75014435379138
          ],
          [
            13.942489669706733,
            37.75030089406055
          ],
          [
            13.943023924873827,
            37.750457263072896
          ],
          [
            13.94355826142998,
            37.750613458749584
          ],
          [
            13.944092680248131,
            37.750769479008945
          ],
          [
            13.944627182198955,
            37.75092532176627
          ],
          [
            13.945161768150877,
            37.75108098493364
          ],
          [
            13.945696438970117,
            37.75123646641977
          ],
          [
            13.946231195520715,
            37.75139176412982
          ],
          [
            13.946766038664565,
            37.75154687596521
          ],
          [
            13.947300969261443,
            37.751701799823486
          ],
          [
            13.947835988169034,
            37.751856533598094
          ],
          [
            13.948371096242969,
            37.75201107517825
          ],
          [
            13.94890629433684,
            37.75216542244876
          ],
          [
            13.949441583302242,
            37.75231957328981
          ],
          [
            13.949976963988783,
            37.75247352557684
          ],
          [
            13.950512437244127,
            37.75262727718034
          ],
          [
            13.951048003914002,
            37.75278082596569
          ],
          [
            13.951583664842236,
            37.75293416979298
          ],
          [
            13.952119420870776,
            37.75308730651683
          ],
          [
            13.952655272839708,
            37.75324023398624
          ],
          [
            13.953191221587288,
            37.75339295004438
          ],
          [
            13.953727267949947,
            37.75354545252843
          ],
          [
            13.95426341276233,
            37.75369773926942
          ],
          [
            13.9547996568573,
            37.75384980809203
          ],
          [
            13.955336001065966,
            37.754001656814424
          ],
          [
            13.955872446217693,
            37.75415328324809
          ],
          [
            13.956408993140128,
            37.75430468519762
          ],
          [
            13.95694564265921,
            37.754455860460574
          ],
          [
            13.957482395599188,
            37.7546068068273
          ],
          [
            13.958019252782629,
            37.75475752208071
          ],
          [
            13.958556215030445,
            37.754908003996164
          ],
          [
            13.95909328316189,
            37.75505825034124
          ],
          [
            13.959630457994582,
            37.75520825887559
          ],
          [
            13.960167740344513,
            37.75535802735073
          ],
          [
            13.960705131026057,
            37.75550755350988
          ],
          [
            13.961242630851977,
            37.75565683508777
          ],
          [
            13.96178024063344,
            37.75580586981046
          ],
          [
            13.962317961180013,
            37.75595465539516
          ],
          [
            13.962855793299683,
            37.756103189550046
          ],
          [
            13.963393737798853,
            37.75625146997407
          ],
          [
            13.96393179548235,
            37.75639949435678
          ],
          [
            13.964469967153429,
            37.75654726037813
          ],
          [
            13.96500825361377,
            37.75669476570828
          ],
          [
            13.965546655663486,
            37.75684200800745
          ],
          [
            13.96608517410112,
            37.75698898492569
          ],
          [
            13.966623809723652,
            37.757135694102686
          ],
          [
            13.967162563326479,
            37.75728213316761
          ],
          [
            13.967701435703432,
            37.75742829973889
          ],
          [
            13.968240427646764,
            37.75757419142404
          ],
          [
            13.96877953994714,
            37.757719805819455
          ],
          [
            13.969318773393642,
            37.75786514051022
          ],
          [
            13.969858128773753,
            37.75801019306991
          ],
          [
            13.970397606873352,
            37.7581549610604
          ],
          [
            13.970937208476705,
            37.758299442031664
          ],
          [
            13.971476934366454,
            37.75844363352157
          ],
          [
            13.972016785323602,
            37.7585875330557
          ],
          [
            13.972556762127503,
            37.75873113814712
          ],
          [
            13.973096865555853,
            37.7588744462962
          ],
          [
            13.973637096384659,
            37.75901745499039
          ],
          [
            13.974177455388238,
            37.75916016170405
          ],
          [
            13.974717943339193,
            37.759302563898196
          ],
          [
            13.97525856100839,
            37.75944465902033
          ],
          [
            13.97579930916494,
            37.75958644450422
          ],
          [
            13.976340188576176,
            37.75972791776968
          ],
          [
            13.976881200007634,
            37.75986907622237
          ],
          [
            13.977422344223019,
            37.76000991725358
          ],
          [
            13.977963621984186,
            37.76015043824002
          ],
          [
            13.978505034051107,
            37.76029063654358
          ],
          [
            13.97904658118185,
            37.76043050951116
          ],
          [
            13.97958826413253,
            37.7605700544744
          ],
          [
            13.980130083657299,
            37.76070926874949
          ],
          [
            13.980672040508297,
            37.76084814963694
          ],
          [
            13.981214135435616,
            37.76098669442137
          ],
          [
            13.981756369187272,
            37.76112490037124
          ],
          [
            13.982298742509156,
            37.7612627647387
          ],
          [
            13.982841256145004,
            37.76140028475928
          ],
          [
            13.983383910836338,
            37.76153745765171
          ],
          [
            13.98392670732244,
            37.76167428061768
          ],
          [
            13.98446964634029,
            37.761810750841605
          ],
          [
            13.985012728624536,
            37.76194686549036
          ],
          [
            13.985555954907424,
            37.762082621713105
          ],
          [
            13.986099325918758,
            37.76221801664099
          ],
          [
            13.986642842385846,
            37.76235304738695
          ],
          [
            13.987186505033442,
            37.76248771104544
          ],
          [
            13.98773031458369,
            37.76262200469219
          ],
          [
            13.98827427175606,
            37.762755925383985
          ],
          [
            13.988818377267291,
            37.7628894701584
          ],
          [
            13.989362631831327,
            37.76302263603353
          ],
          [
            13.989907036159247,
            37.76315542000779
          ],
          [
            13.9904515909592,
            37.7632878190596
          ],
          [
            13.990996296936334,
            37.76341983014718
          ],
          [
            13.991541154792724,
            37.76355145020825
          ],
          [
            13.992086165227294,
            37.763682676159796
          ],
          [
            13.992631328935738,
            37.76381350489783
          ],
          [
            13.993176646610449,
            37.763943933297064
          ],
          [
            13.993722118940427,
            37.76407395821069
          ],
          [
            13.994267746611198,
            37.764203576470095
          ],
          [
            13.994813530304727,
            37.7643327848846
          ],
          [
            13.995359470699325,
            37.764461580241196
          ],
          [
            13.995905568469562,
            37.764589959304224
          ],
          [
            13.996451824286162,
            37.76471791881515
          ],
          [
            13.996998238815912,
            37.764845455492264
          ],
          [
            13.997544812721562,
            37.76497256603037
          ],
          [
            13.998091546661716,
            37.76509924710058
          ],
          [
            13.998638441290723,
            37.765225495349924
          ],
          [
            13.999185497258575,
            37.765351307401154
          ],
          [
            13.99973271521079,
            37.765476679852384
          ],
          [
            14.000280095788291,
            37.76560160927684
          ],
          [
            14.000827639627298,
            37.76572609222256
          ],
          [
            14.001375347359192,
            37.765850125212054
          ],
          [
            14.001923219610397,
            37.76597370474205
          ],
          [
            14.002471257002249,
            37.766096827283185
          ],
          [
            14.003019460150865,
            37.76621948927966
          ],
          [
            14.003567829667006,
            37.76634168714899
          ],
          [
            14.004116366155928,
            37.76646341728162
          ],
          [
            14.004665070217259,
            37.7665846760407
          ],
          [
            14.005213942444827,
            37.76670545976169
          ],
          [
            14.00576298342653,
            37.76682576475208
          ],
          [
            14.006312193744167,
            37.766945587291055
          ],
          [
            14.00686157397329,
            37.7670649236292
          ],
          [
            14.007411124683028,
            37.767183769988115
          ],
          [
            14.007960846514457,
            37.76730212233243
          ],
          [
            14.008510741781228,
            37.767419971701244
          ],
          [
            14.009060809257845,
            37.76753731934691
          ],
          [
            14.009611049486722,
            37.767654161366366
          ],
          [
            14.010161463002957,
            37.767770493825864
          ],
          [
            14.010712050334146,
            37.76788631276058
          ],
          [
            14.011262812000187,
            37.76800161417429
          ],
          [
            14.011813748513086,
            37.768116394039026
          ],
          [
            14.012364860376746,
            37.76823064829472
          ],
          [
            14.012916148086761,
            37.76834437284882
          ],
          [
            14.013467612130203,
            37.768457563575986
          ],
          [
            14.014019252985404,
            37.76857021631769
          ],
          [
            14.014571071121727,
            37.76868232688186
          ],
          [
            14.015123066999344,
            37.7687938910425
          ],
          [
            14.015675241068992,
            37.76890490453937
          ],
          [
            14.016227593771742,
            37.76901536307754
          ],
          [
            14.016780125538748,
            37.769125262327094
          ],
          [
            14.017332836790992,
            37.76923459792268
          ],
          [
            14.017885730426489,
            37.76934335756529
          ],
          [
            14.018438804956054,
            37.76945154271892
          ],
          [
            14.018992060243054,
            37.7695591505629
          ],
          [
            14.019545496665323,
            37.76966617657919
          ],
          [
            14.02009911458914,
            37.769772616212315
          ],
          [
            14.02065291436893,
            37.769878464868945
          ],
          [
            14.021206896346975,
            37.76998371791754
          ],
          [
            14.021761060853109,
            37.770088370687894
          ],
          [
            14.022315408204408,
            37.77019241847078
          ],
          [
            14.022869938704872,
            37.77029585651749
          ],
          [
            14.023424652645096,
            37.77039868003949
          ],
          [
            14.02397955030195,
            37.770500884207934
          ],
          [
            14.024534634152023,
            37.77060245659345
          ],
          [
            14.025089903992113,
            37.77070339369383
          ],
          [
            14.0256453583687,
            37.77080369627282
          ],
          [
            14.026200997499846,
            37.77090335932774
          ],
          [
            14.026756821588044,
            37.77100237781336
          ],
          [
            14.027312830819845,
            37.77110074664155
          ],
          [
            14.027869025365463,
            37.77119846068081
          ],
          [
            14.028425405378385,
            37.771295514755806
          ],
          [
            14.028981970994957,
            37.77139190364701
          ],
          [
            14.029538722333976,
            37.77148762209017
          ],
          [
            14.030095663001813,
            37.77158265193375
          ],
          [
            14.030652790824831,
            37.77167699586924
          ],
          [
            14.031210104688821,
            37.77177065276648
          ],
          [
            14.031767604636954,
            37.771863617168194
          ],
          [
            14.032325290692569,
            37.77195588357006
          ],
          [
            14.032883162858681,
            37.772047446420245
          ],
          [
            14.03344122111751,
            37.77213830011895
          ],
          [
            14.03399946542998,
            37.77222843901792
          ],
          [
            14.034557898049927,
            37.772317848377625
          ],
          [
            14.035116519647918,
            37.772406519263804
          ],
          [
            14.035675327114035,
            37.772494457504635
          ],
          [
            14.036234320317082,
            37.772581657242554
          ],
          [
            14.03679349910184,
            37.77266811256911
          ],
          [
            14.037352863288508,
            37.772753817524446
          ],
          [
            14.037912412672119,
            37.77283876609687
          ],
          [
            14.038472147957664,
            37.772922948328294
          ],
          [
            14.039032072934006,
            37.77300634100726
          ],
          [
            14.039592182389486,
            37.77308895826871
          ],
          [
            14.04015247600996,
            37.77317079387676
          ],
          [
            14.040712953452944,
            37.77325184154116
          ],
          [
            14.041273614346977,
            37.77333209491676
          ],
          [
            14.041834458290948,
            37.77341154760306
          ],
          [
            14.042395489005289,
            37.77349017460028
          ],
          [
            14.042956704120467,
            37.77356797743743
          ],
          [
            14.04351810093522,
            37.77364495927765
          ],
          [
            14.044079678919415,
            37.77372111348106
          ],
          [
            14.044641437509593,
            37.77379643334986
          ],
          [
            14.045203376108224,
            37.77387091212778
          ],
          [
            14.04576549908314,
            37.773944519088296
          ],
          [
            14.046327802527474,
            37.7740172622132
          ],
          [
            14.046890283994479,
            37.77408914277462
          ],
          [
            14.04745294273802,
            37.7741601537637
          ],
          [
            14.048015777973726,
            37.77423028811056
          ],
          [
            14.048578791049882,
            37.77429952761273
          ],
          [
            14.049141983795334,
            37.77436785077126
          ],
          [
            14.049705350441629,
            37.77443527478806
          ],
          [
            14.050268890037382,
            37.77450179232952
          ],
          [
            14.050832601588358,
            37.77456739599843
          ],
          [
            14.051396486008596,
            37.77463206765473
          ],
          [
            14.051960545548232,
            37.77469578084959
          ],
          [
            14.052524773769754,
            37.77475855660035
          ],
          [
            14.053089169491521,
            37.77482038723508
          ],
          [
            14.053653731483946,
            37.774881265015814
          ],
          [
            14.05421846260273,
            37.77494115767479
          ],
          [
            14.054783360592932,
            37.77500006177889
          ],
          [
            14.05534842081365,
            37.77505798834094
          ],
          [
            14.055913641825336,
            37.77511492933761
          ],
          [
            14.056479023129487,
            37.77517087035725
          ],
          [
            14.057044568593529,
            37.77522576792519
          ],
          [
            14.057610270124105,
            37.77527965430551
          ],
          [
            14.058176126051801,
            37.77533252118118
          ],
          [
            14.058742134648696,
            37.77538436016482
          ],
          [
            14.059308301149034,
            37.77543511361002
          ],
          [
            14.05987461693443,
            37.775484818472
          ],
          [
            14.0604410797212,
            37.77553346862705
          ],
          [
            14.061007687524684,
            37.77558105538451
          ],
          [
            14.061574445434937,
            37.77562751524361
          ],
          [
            14.062141344176267,
            37.775672891873164
          ],
          [
            14.062708381426477,
            37.77571717729746
          ],
          [
            14.063275556371924,
            37.77576035048384
          ],
          [
            14.063842870805349,
            37.775802366435826
          ],
          [
            14.064410316551124,
            37.77584326260083
          ],
          [
            14.064977891114223,
            37.775883029735844
          ],
          [
            14.065545595973152,
            37.77592162093267
          ],
          [
            14.066113427040026,
            37.7759590373984
          ],
          [
            14.066681378744963,
            37.77599529522034
          ],
          [
            14.067249449135387,
            37.77603037591702
          ],
          [
            14.067817639966165,
            37.77606421968866
          ],
          [
            14.068385942450991,
            37.77609687440156
          ],
          [
            14.068954353500896,
            37.776128330242436
          ],
          [
            14.069522874813298,
            37.776158519232645
          ],
          [
            14.070091499109765,
            37.776187474440086
          ],
          [
            14.070660221842482,
            37.776215199298825
          ],
          [
            14.071229042924644,
            37.77624163743759
          ],
          [
            14.07179795727709,
            37.77626679411358
          ],
          [
            14.072366959000862,
            37.77629068814476
          ],
          [
            14.07293604692025,
            37.776313267258914
          ],
          [
            14.073505216594734,
            37.77633452372537
          ],
          [
            14.074074461577757,
            37.77635448442695
          ],
          [
            14.074643780082374,
            37.776373093123595
          ],
          [
            14.075213167165918,
            37.77639034503525
          ],
          [
            14.075782616432534,
            37.7764062672361
          ],
          [
            14.076352125708453,
            37.776420790878156
          ],
          [
            14.07692168889828,
            37.77643393121603
          ],
          [
            14.077491300015186,
            37.77644570707227
          ],
          [
            14.078060956431342,
            37.77645602776465
          ],
          [
            14.078630650814139,
            37.77646494683918
          ],
          [
            14.079200377930395,
            37.77647245206257
          ],
          [
            14.079770133506896,
            37.77647846242856
          ],
          [
            14.080339910328176,
            37.77648304789361
          ],
          [
            14.080909703240128,
            37.77648614622087
          ],
          [
            14.081479506069165,
            37.776487744962594
          ],
          [
            14.082049312492913,
            37.77648788184179
          ],
          [
            14.082619116033065,
            37.77648644665025
          ],
          [
            14.083188910353936,
            37.776483516990936
          ],
          [
            14.083758688530953,
            37.776479040665336
          ],
          [
            14.08432844334834,
            37.77647298919096
          ],
          [
            14.084898168891675,
            37.77646541179844
          ],
          [
            14.085467855338,
            37.77645618344279
          ],
          [
            14.086037497948322,
            37.77644540145684
          ],
          [
            14.086607087038244,
            37.776432982914145
          ],
          [
            14.087176615517734,
            37.776418939051545
          ],
          [
            14.087746075885171,
            37.77640326897363
          ],
          [
            14.088315457393195,
            37.77638590516241
          ],
          [
            14.08888475590022,
            37.77636692123138
          ],
          [
            14.089453955889823,
            37.77634617863412
          ],
          [
            14.090023055639712,
            37.77632378854145
          ],
          [
            14.090592039705669,
            37.77629963662724
          ],
          [
            14.091160903501294,
            37.77627378001612
          ],
          [
            14.091729633780734,
            37.77624615467694
          ],
          [
            14.092298222585358,
            37.77621677096528
          ],
          [
            14.092866659154284,
            37.77618560675988
          ],
          [
            14.093434931999312,
            37.77615263470887
          ],
          [
            14.09400303282085,
            37.77611786536979
          ],
          [
            14.09457094673942,
            37.77608124312397
          ],
          [
            14.095138667585381,
            37.776042801602166
          ],
          [
            14.095706177545857,
            37.776002466733836
          ],
          [
            14.096273471918064,
            37.77596028524861
          ],
          [
            14.09684053075768,
            37.77591617480686
          ],
          [
            14.097407349809385,
            37.77587018490133
          ],
          [
            14.097973908168326,
            37.77582223546579
          ],
          [
            14.098540200626076,
            37.77577236806827
          ],
          [
            14.099106206882304,
            37.77572051580788
          ],
          [
            14.09967191896863,
            37.7756667012993
          ],
          [
            14.100237319173814,
            37.775610882036354
          ],
          [
            14.100802394531183,
            37.77555305032409
          ],
          [
            14.101367132348088,
            37.775493199603545
          ],
          [
            14.101931511964567,
            37.7754312802019
          ],
          [
            14.102495528606314,
            37.77536733336639
          ],
          [
            14.103059150743487,
            37.775301255483875
          ],
          [
            14.103622384092121,
            37.77523314358286
          ],
          [
            14.104185185038759,
            37.7751628403882
          ],
          [
            14.104747563591175,
            37.77509046259895
          ],
          [
            14.105309483595699,
            37.77501589898841
          ],
          [
            14.1058709384582,
            37.77493918414519
          ],
          [
            14.106431909619786,
            37.77486029541523
          ],
          [
            14.10699236894292,
            37.77477917241211
          ],
          [
            14.107552319179234,
            37.77469588791235
          ],
          [
            14.108111709594796,
            37.77461029198395
          ],
          [
            14.108670551268549,
            37.774522492057244
          ],
          [
            14.109228809172674,
            37.77443240807591
          ],
          [
            14.109786462766886,
            37.77434002228443
          ],
          [
            14.110343509926464,
            37.77424538447011
          ],
          [
            14.110899893442138,
            37.7741483452127
          ],
          [
            14.111455627679838,
            37.774049015841626
          ],
          [
            14.11201067709723,
            37.77394732875718
          ],
          [
            14.112565010979536,
            37.7738432389587
          ],
          [
            14.113118630894197,
            37.77373680834469
          ],
          [
            14.113671484438415,
            37.77362792423184
          ],
          [
            14.114223567047167,
            37.77351663054297
          ],
          [
            14.114774866624773,
            37.7734029441052
          ],
          [
            14.11532531647221,
            37.77328672108195
          ],
          [
            14.115874934458242,
            37.77316807152699
          ],
          [
            14.116423688529881,
            37.77304695614764
          ],
          [
            14.116971524639169,
            37.77292327929753
          ],
          [
            14.11751845362579,
            37.77279712656429
          ],
          [
            14.118064437401763,
            37.77266844813188
          ],
          [
            14.118609428175134,
            37.772537173855696
          ],
          [
            14.119153432906185,
            37.772403376327574
          ],
          [
            14.119696411548283,
            37.77226700666645
          ],
          [
            14.120238314665315,
            37.77212799774657
          ],
          [
            14.120779149271748,
            37.77198642058542
          ],
          [
            14.12131887817511,
            37.77184223840465
          ],
          [
            14.121857440949078,
            37.771695365134455
          ],
          [
            14.122394849345584,
            37.771545881405565
          ],
          [
            14.12293107454211,
            37.771393773297156
          ],
          [
            14.123466034407254,
            37.77123891462753
          ],
          [
            14.12399975082957,
            37.77108140645594
          ],
          [
            14.12453219415269,
            37.77092123639437
          ],
          [
            14.125063294660768,
            37.77075831262358
          ],
          [
            14.125593044352842,
            37.77059267236908
          ],
          [
            14.126121428022426,
            37.770424336049686
          ],
          [
            14.126648395704924,
            37.77025325669365
          ],
          [
            14.127173895763347,
            37.77007938812941
          ],
          [
            14.127697934357831,
            37.76990279345308
          ],
          [
            14.128220479897752,
            37.76972346349001
          ],
          [
            14.12874144887878,
            37.76954129843799
          ],
          [
            14.129260850221314,
            37.76935636628193
          ],
          [
            14.129778660331088,
            37.769168674922255
          ],
          [
            14.130294828705651,
            37.768978187003675
          ],
          [
            14.130809295092346,
            37.76878485234025
          ],
          [
            14.131322070542787,
            37.768588739589255
          ],
          [
            14.131833122326379,
            37.768389843514754
          ],
          [
            14.132342374716425,
            37.76818809266279
          ],
          [
            14.132849812658801,
            37.76798351403057
          ],
          [
            14.13335542603392,
            37.767776140458594
          ],
          [
            14.133859181915865,
            37.76756596924623
          ],
          [
            14.134360980969177,
            37.76735290186033
          ],
          [
            14.13486085083321,
            37.76713702855155
          ],
          [
            14.135358762163296,
            37.76691835379948
          ],
          [
            14.135854666794542,
            37.76669685628598
          ],
          [
            14.13634848839253,
            37.76647247855243
          ],
          [
            14.13684025104099,
            37.766245301708544
          ],
          [
            14.137329922396722,
            37.766015327872445
          ],
          [
            14.137817434549525,
            37.765782513640595
          ],
          [
            14.13830274731562,
            37.76554685455357
          ],
          [
            14.13878587031719,
            37.76530840929986
          ],
          [
            14.139266772133132,
            37.765067182892246
          ],
          [
            14.139745361596216,
            37.76482310838311
          ],
          [
            14.140221642254714,
            37.7645762368925
          ],
          [
            14.140695606485892,
            37.76432660376095
          ],
          [
            14.141167222268384,
            37.76407421466153
          ],
          [
            14.141636374354164,
            37.76381898126724
          ],
          [
            14.142103118007924,
            37.763561012274195
          ],
          [
            14.142567424479457,
            37.76330031781682
          ],
          [
            14.143029228694234,
            37.763036868871666
          ],
          [
            14.143488479372017,
            37.76277065398367
          ],
          [
            14.14394520637317,
            37.76250174830574
          ],
          [
            14.144399383086242,
            37.76223016482721
          ],
          [
            14.144850897310594,
            37.76195582963982
          ],
          [
            14.145299790019763,
            37.761678827831176
          ],
          [
            14.145746052714061,
            37.76139919125456
          ],
          [
            14.14618961848519,
            37.761116894036725
          ],
          [
            14.146630437427213,
            37.76083192931345
          ],
          [
            14.147068552418332,
            37.76054437883255
          ],
          [
            14.147503935103984,
            37.76025425426777
          ],
          [
            14.147936458010832,
            37.759961477213906
          ],
          [
            14.148366209424115,
            37.75966616907589
          ],
          [
            14.148793169764938,
            37.75936834930578
          ],
          [
            14.149217213708688,
            37.7590679450231
          ],
          [
            14.149638405128945,
            37.758765051511595
          ],
          [
            14.150056747369543,
            37.75845970798399
          ],
          [
            14.150472123617543,
            37.75815185221903
          ],
          [
            14.150884579547062,
            37.75784156046292
          ],
          [
            14.151294135732394,
            37.75752888498829
          ],
          [
            14.151700668065923,
            37.75721376074241
          ],
          [
            14.152104235164261,
            37.75689627137001
          ],
          [
            14.152504862867646,
            37.75657647109224
          ],
          [
            14.152902464271236,
            37.75625432646461
          ],
          [
            14.153297259983958,
            37.75593003954535
          ],
          [
            14.153689346707548,
            37.75560371127632
          ],
          [
            14.154078726507443,
            37.75527537009111
          ],
          [
            14.154465623636488,
            37.75494520577117
          ],
          [
            14.154850078781827,
            37.75461326898756
          ],
          [
            14.155232183939292,
            37.754279646159375
          ],
          [
            14.155612109110757,
            37.75394447586164
          ],
          [
            14.155989858549528,
            37.753607776990506
          ],
          [
            14.156365609386457,
            37.75326968791507
          ],
          [
            14.156739456955735,
            37.75293028685787
          ],
          [
            14.157111444291303,
            37.75258961489428
          ],
          [
            14.15748175147752,
            37.752247804533155
          ],
          [
            14.157850419787657,
            37.751904892257045
          ],
          [
            14.158217574087997,
            37.75156096957171
          ],
          [
            14.158583341588765,
            37.75121612750819
          ],
          [
            14.15894775253533,
            37.75087039188847
          ],
          [
            14.159310979641845,
            37.75052388110029
          ],
          [
            14.15967309603521,
            37.750176646824244
          ],
          [
            14.160034194125888,
            37.749828752557285
          ],
          [
            14.160394407057067,
            37.74948028709765
          ],
          [
            14.160753805855526,
            37.74913129833433
          ],
          [
            14.16111251428154,
            37.74878186737523
          ],
          [
            14.161470643503979,
            37.74843206649443
          ],
          [
            14.161828276736307,
            37.748081949629565
          ],
          [
            14.162185543673875,
            37.74773159987467
          ],
          [
            14.162542548890126,
            37.74738108395333
          ],
          [
            14.162899397328008,
            37.74703046859098
          ],
          [
            14.163256209111822,
            37.74667982999026
          ],
          [
            14.163613094078576,
            37.74632923779095
          ],
          [
            14.163970177612494,
            37.7459787715719
          ],
          [
            14.164327573640279,
            37.74562850385095
          ],
          [
            14.16468540014235,
            37.7452785100344
          ],
          [
            14.165043792152822,
            37.744928876866084
          ],
          [
            14.16540288154971,
            37.74457968976447
          ],
          [
            14.165762787743677,
            37.74423102694128
          ],
          [
            14.16612364474854,
            37.74388297689072
          ],
          [
            14.166485608242674,
            37.74353564333926
          ],
          [
            14.1668488274274,
            37.743189127408705
          ],
          [
            14.16721343434274,
            37.74284352064853
          ],
          [
            14.167579583385885,
            37.74249893108157
          ],
          [
            14.167947435145283,
            37.74215547310735
          ],
          [
            14.168317156773831,
            37.741813268166034
          ],
          [
            14.168688943737967,
            37.74147246006902
          ],
          [
            14.169062963391942,
            37.74113317737929
          ],
          [
            14.169439394362508,
            37.740795560230154
          ],
          [
            14.169818432120106,
            37.74045976505187
          ],
          [
            14.170200280368505,
            37.74012595955994
          ],
          [
            14.170585151331833,
            37.73979432387801
          ],
          [
            14.170973265995961,
            37.73946505176456
          ],
          [
            14.171364854289056,
            37.73913835195127
          ],
          [
            14.1717601551829,
            37.738814449600184
          ],
          [
            14.172159416692818,
            37.7384935878864
          ],
          [
            14.172562942483662,
            37.73817606708986
          ],
          [
            14.1729709914708,
            37.73786216874561
          ],
          [
            14.173383820529127,
            37.73755218933668
          ],
          [
            14.17380171299961,
            37.73724646637649
          ],
          [
            14.174224987451911,
            37.73694539142486
          ],
          [
            14.174654060768907,
            37.736649475134996
          ],
          [
            14.17508911143874,
            37.73635904798836
          ],
          [
            14.17553054830362,
            37.736074688613996
          ],
          [
            14.175978717957312,
            37.735796968880514
          ],
          [
            14.176433775081561,
            37.73552631746288
          ],
          [
            14.176895856421055,
            37.73526318461937
          ],
          [
            14.177364959450768,
            37.73500791083521
          ],
          [
            14.177841033333744,
            37.73476080648013
          ],
          [
            14.178324237485315,
            37.73452248057552
          ],
          [
            14.178814395985533,
            37.734293175649995
          ],
          [
            14.179311456672378,
            37.73407332256197
          ],
          [
            14.179815338372192,
            37.733863364781726
          ],
          [
            14.1803259206785,
            37.733663745130656
          ],
          [
            14.18084305869686,
            37.7334749313211
          ],
          [
            14.181366521678134,
            37.7332973088184
          ],
          [
            14.181896056788561,
            37.733131278536874
          ],
          [
            14.182431383275377,
            37.732977252803515
          ],
          [
            14.182972187639022,
            37.73283565181844
          ],
          [
            14.183518080903859,
            37.73270679322702
          ],
          [
            14.184068649652994,
            37.732590992331396
          ],
          [
            14.184623444790544,
            37.7324885279493
          ],
          [
            14.185181985475129,
            37.73239963854771
          ],
          [
            14.185743769196154,
            37.73232454691147
          ],
          [
            14.186308284415382,
            37.73226353926419
          ],
          [
            14.186874947816856,
            37.73221655958914
          ],
          [
            14.187443201987382,
            37.7321836545624
          ],
          [
            14.188012488599309,
            37.73216489439783
          ],
          [
            14.188582241243687,
            37.73216029202752
          ],
          [
            14.189151901077777,
            37.732169603511196
          ],
          [
            14.189720933993316,
            37.73219267969915
          ],
          [
            14.190288809971962,
            37.732229458185024
          ],
          [
            14.190855037720203,
            37.73227962749077
          ],
          [
            14.191419162608419,
            37.732342856328266
          ],
          [
            14.191980755797044,
            37.73241884569339
          ],
          [
            14.192539413400759,
            37.732507301091424
          ],
          [
            14.193094756594943,
            37.73260792381782
          ],
          [
            14.193646486758947,
            37.73272024734304
          ],
          [
            14.19419431705279,
            37.73284389278243
          ],
          [
            14.1947379958543,
            37.73297847203416
          ],
          [
            14.195277305829295,
            37.73312359140609
          ],
          [
            14.195812062609875,
            37.73327885492631
          ],
          [
            14.196342113160533,
            37.73344386731284
          ],
          [
            14.196867333908484,
            37.73361823659129
          ],
          [
            14.197387628709038,
            37.733801576360186
          ],
          [
            14.197902926709766,
            37.73399350771305
          ],
          [
            14.198413180169162,
            37.73419366083334
          ],
          [
            14.198918343683312,
            37.73440170374122
          ],
          [
            14.199418362546313,
            37.73461735037616
          ],
          [
            14.199913294901274,
            37.734840186508244
          ],
          [
            14.200403164267996,
            37.735069887500075
          ],
          [
            14.20088793789975,
            37.73530622853294
          ],
          [
            14.20136766002642,
            37.73554890554835
          ],
          [
            14.201842445505134,
            37.73579755801842
          ],
          [
            14.202312207677076,
            37.73605208524786
          ],
          [
            14.202777140551207,
            37.736312077698344
          ],
          [
            14.203237196744508,
            37.73657741985095
          ],
          [
            14.203692536500801,
            37.736847782839625
          ],
          [
            14.204143117153633,
            37.73712306841797
          ],
          [
            14.2045891371416,
            37.737402942762664
          ],
          [
            14.205030530720936,
            37.73768734979653
          ],
          [
            14.205467467479417,
            37.73797601210954
          ],
          [
            14.205900034620848,
            37.73826874593328
          ],
          [
            14.206328195001104,
            37.73856548842564
          ],
          [
            14.206752112787793,
            37.738866001305276
          ],
          [
            14.207171866869146,
            37.73917013350457
          ],
          [
            14.20758752385803,
            37.7394777515936
          ],
          [
            14.207999101445383,
            37.739788768100325
          ],
          [
            14.208406705325775,
            37.74010302761467
          ],
          [
            14.208810423757848,
            37.74042039610746
          ],
          [
            14.209210323575768,
            37.74074076221501
          ],
          [
            14.209606471271814,
            37.74106401935703
          ],
          [
            14.209998932861637,
            37.74139006553915
          ],
          [
            14.210387773766096,
            37.74171880316041
          ],
          [
            14.210773058708234,
            37.74205013882587
          ],
          [
            14.21115485162409,
            37.74238398316481
          ],
          [
            14.211533215586057,
            37.74272025065469
          ],
          [
            14.211908212737658,
            37.743058859451075
          ],
          [
            14.21227990423865,
            37.74339973122351
          ],
          [
            14.212648350219455,
            37.74374279099758
          ],
          [
            14.213013609743996,
            37.744087967002926
          ],
          [
            14.213375740780116,
            37.74443519052737
          ],
          [
            14.213734800176749,
            37.74478439577694
          ],
          [
            14.214090793699011,
            37.74513555105067
          ],
          [
            14.214443806997426,
            37.745488575441996
          ],
          [
            14.214793906617365,
            37.745843402672875
          ],
          [
            14.215141145062773,
            37.746199977091266
          ],
          [
            14.215485573675817,
            37.74655824536622
          ],
          [
            14.215827157457744,
            37.746918206373074
          ],
          [
            14.216166018539218,
            37.747279766758105
          ],
          [
            14.216502212312996,
            37.74764287501372
          ],
          [
            14.216835754228292,
            37.74800750374636
          ],
          [
            14.21716664053416,
            37.74837363657072
          ],
          [
            14.21749499313692,
            37.74874118754318
          ],
          [
            14.217820828742996,
            37.74911013140568
          ],
          [
            14.218144118070597,
            37.74948046799634
          ],
          [
            14.218464998613689,
            37.74985210729198
          ],
          [
            14.218783444026835,
            37.75022504921251
          ],
          [
            14.219099490054012,
            37.75059926037385
          ],
          [
            14.219413243195826,
            37.75097467168296
          ],
          [
            14.219724596243692,
            37.751351325736636
          ],
          [
            14.220033729464985,
            37.75172911702783
          ],
          [
            14.220340572348045,
            37.75210806973675
          ],
          [
            14.220645217302254,
            37.752488125470535
          ],
          [
            14.220947662965196,
            37.75286927393333
          ],
          [
            14.221247946274648,
            37.753251485937255
          ],
          [
            14.22154610244384,
            37.7536347339611
          ],
          [
            14.221842145224112,
            37.75401900119355
          ],
          [
            14.222136115216205,
            37.75440425849144
          ],
          [
            14.222428033276,
            37.75479048650483
          ],
          [
            14.22271791614068,
            37.75517766827484
          ],
          [
            14.223005820184145,
            37.75556576872179
          ],
          [
            14.223291710849551,
            37.75595479525855
          ],
          [
            14.22357570667893,
            37.75634468543754
          ],
          [
            14.223857696098108,
            37.75673548177355
          ],
          [
            14.224137835059313,
            37.75712710626941
          ],
          [
            14.224416060112091,
            37.75751957978529
          ],
          [
            14.224692423697318,
            37.757912871741254
          ],
          [
            14.22496698293103,
            37.758306950203156
          ],
          [
            14.225239652970497,
            37.75870184494471
          ],
          [
            14.225510564706706,
            37.75909749281468
          ],
          [
            14.225779691587979,
            37.75949389879494
          ],
          [
            14.22604702304169,
            37.75989106086464
          ],
          [
            14.226312646418906,
            37.76028893621409
          ],
          [
            14.226576525588515,
            37.76068753392335
          ],
          [
            14.226838675033079,
            37.761086842000765
          ],
          [
            14.22709916361335,
            37.76148682659693
          ],
          [
            14.227357967974342,
            37.76188749169925
          ],
          [
            14.22761508244415,
            37.7622888339919
          ],
          [
            14.227870580408696,
            37.76269081884555
          ],
          [
            14.228124471846225,
            37.763093437331754
          ],
          [
            14.228376689364628,
            37.76349671068711
          ],
          [
            14.22862733203833,
            37.7639005951936
          ],
          [
            14.22887641234471,
            37.76430508137728
          ],
          [
            14.229123912191,
            37.76471017148498
          ],
          [
            14.229369826542369,
            37.76511586265362
          ],
          [
            14.22961421687418,
            37.76552212708898
          ],
          [
            14.22985709467542,
            37.76592895619726
          ],
          [
            14.230098446372555,
            37.76633635071258
          ],
          [
            14.230338263445923,
            37.76674430938337
          ],
          [
            14.230576603256536,
            37.76715280697355
          ],
          [
            14.230813476372395,
            37.76756183567103
          ],
          [
            14.231048893153357,
            37.76797138783609
          ],
          [
            14.231282812166548,
            37.7683814742718
          ],
          [
            14.23151528690617,
            37.76879207197966
          ],
          [
            14.231746337064846,
            37.76920317028261
          ],
          [
            14.231975972157791,
            37.76961476221778
          ],
          [
            14.232204201508852,
            37.770026840971994
          ],
          [
            14.232430998161213,
            37.77043941219766
          ],
          [
            14.232656392147758,
            37.77085246197315
          ],
          [
            14.232880408930265,
            37.77126597818829
          ],
          [
            14.233103057057123,
            37.77167995461747
          ],
          [
            14.233324344900547,
            37.772094385165346
          ],
          [
            14.23354428065926,
            37.77250926386348
          ],
          [
            14.23376284568383,
            37.772924593583845
          ],
          [
            14.233980059187544,
            37.77334036474206
          ],
          [
            14.234195945657312,
            37.773756566218594
          ],
          [
            14.234410512589701,
            37.77417319254307
          ],
          [
            14.234623767321173,
            37.77459023835587
          ],
          [
            14.234835717030425,
            37.77500769840536
          ],
          [
            14.235046368740704,
            37.775425567545135
          ],
          [
            14.235255726215659,
            37.775843841696435
          ],
          [
            14.235463769611837,
            37.776262524093056
          ],
          [
            14.235670536423893,
            37.77668160022518
          ],
          [
            14.235876033046644,
            37.77710106535918
          ],
          [
            14.236080265730907,
            37.77752091485355
          ],
          [
            14.236283240585518,
            37.77794114415658
          ],
          [
            14.236484963579283,
            37.778361748804166
          ],
          [
            14.236685440542908,
            37.77878272441761
          ],
          [
            14.236884677170867,
            37.779204066701524
          ],
          [
            14.237082679023244,
            37.779625771441765
          ],
          [
            14.237279451527519,
            37.780047834503435
          ],
          [
            14.237474984519181,
            37.78047025627233
          ],
          [
            14.237669293377383,
            37.78089302976066
          ],
          [
            14.23786238937393,
            37.7813161492629
          ],
          [
            14.238054277400787,
            37.78173961095468
          ],
          [
            14.238244962226162,
            37.78216341108126
          ],
          [
            14.238434448496049,
            37.78258754595578
          ],
          [
            14.238622740735732,
            37.78301201195767
          ],
          [
            14.238809843351241,
            37.78343680553101
          ],
          [
            14.238995760630793,
            37.78386192318294
          ],
          [
            14.239180496746178,
            37.78428736148216
          ],
          [
            14.239364055754116,
            37.7847131170574
          ],
          [
            14.239546441597584,
            37.78513918659602
          ],
          [
            14.239727658107094,
            37.785565566842536
          ],
          [
            14.239907709001958,
            37.785992254597254
          ],
          [
            14.240086597891501,
            37.786419246714914
          ],
          [
            14.240264328276249,
            37.78684654010338
          ],
          [
            14.240440903549084,
            37.787274131722356
          ],
          [
            14.240616326996365,
            37.78770201858209
          ],
          [
            14.240790601799022,
            37.78813019774219
          ],
          [
            14.240963731033606,
            37.78855866631042
          ],
          [
            14.24113571767333,
            37.78898742144149
          ],
          [
            14.241306564589053,
            37.78941646033596
          ],
          [
            14.241476274550259,
            37.789845780239084
          ],
          [
            14.241644850225986,
            37.790275378439745
          ],
          [
            14.241812292212542,
            37.7907052527464
          ],
          [
            14.241978604521481,
            37.791135400151724
          ],
          [
            14.242143790531935,
            37.7915658178272
          ],
          [
            14.24230785250667,
            37.79199650323194
          ],
          [
            14.242470792612513,
            37.7924274538634
          ],
          [
            14.242632612921122,
            37.79285866725638
          ],
          [
            14.242793315409703,
            37.79329014098219
          ],
          [
            14.242952901961731,
            37.7937218726476
          ],
          [
            14.243111374367617,
            37.79415385989409
          ],
          [
            14.243268734325373,
            37.79458610039685
          ],
          [
            14.243424983441225,
            37.795018591864014
          ],
          [
            14.243580122235532,
            37.79545133225703
          ],
          [
            14.243734150911594,
            37.79588431961172
          ],
          [
            14.243887072579998,
            37.796317551329466
          ],
          [
            14.24403888849661,
            37.79675102523712
          ],
          [
            14.244189599828106,
            37.797184739190506
          ],
          [
            14.24433920765246,
            37.79761869107365
          ],
          [
            14.244487712959405,
            37.79805287879801
          ],
          [
            14.244635116650866,
            37.798487300301765
          ],
          [
            14.244781419541372,
            37.79892195354904
          ],
          [
            14.244926622358447,
            37.79935683652922
          ],
          [
            14.245070725742979,
            37.79979194725624
          ],
          [
            14.245213730249555,
            37.80022728376788
          ],
          [
            14.245355636346783,
            37.80066284412508
          ],
          [
            14.245496444417592,
            37.80109862641126
          ],
          [
            14.245636154759504,
            37.8015346287317
          ],
          [
            14.24577476758488,
            37.80197084921281
          ],
          [
            14.245912283021159,
            37.80240728600155
          ],
          [
            14.246048701111054,
            37.802843937264754
          ],
          [
            14.24618402181274,
            37.80328080118853
          ],
          [
            14.246318245000023,
            37.803717875977604
          ],
          [
            14.246451370462468,
            37.804155159854744
          ],
          [
            14.246583397905532,
            37.80459265106012
          ],
          [
            14.246714326950643,
            37.80503034785074
          ],
          [
            14.246844157135296,
            37.80546824849982
          ],
          [
            14.246972887913088,
            37.80590635129623
          ],
          [
            14.24710051865376,
            37.80634465454387
          ],
          [
            14.247227048643204,
            37.80678315656115
          ],
          [
            14.247352477083457,
            37.807221855680375
          ],
          [
            14.247476803092662,
            37.80766075024718
          ],
          [
            14.24760002570502,
            37.80809983862
          ],
          [
            14.247722143870712,
            37.808539119169474
          ],
          [
            14.247843156455804,
            37.8089785902779
          ],
          [
            14.247963062242134,
            37.80941825033871
          ],
          [
            14.248081859927161,
            37.80985809775587
          ],
          [
            14.248199541209344,
            37.81029813208951
          ],
          [
            14.248316106254267,
            37.81073835145962
          ],
          [
            14.248431558672632,
            37.81117875343281
          ],
          [
            14.248545896831413,
            37.81161933644786
          ],
          [
            14.248659119012231,
            37.81206009895144
          ],
          [
            14.248771223411111,
            37.81250103939755
          ],
          [
            14.248882208138184,
            37.81294215624704
          ],
          [
            14.248992071217394,
            37.81338344796698
          ],
          [
            14.249100810586171,
            37.81382491303019
          ],
          [
            14.249208424095082,
            37.81426654991469
          ],
          [
            14.249314909507467,
            37.81470835710312
          ],
          [
            14.249420264499053,
            37.81515033308224
          ],
          [
            14.249524486657533,
            37.815592476342346
          ],
          [
            14.249627573482144,
            37.81603478537677
          ],
          [
            14.249729522383205,
            37.816477258681296
          ],
          [
            14.24983033068165,
            37.81691989475361
          ],
          [
            14.249929995608516,
            37.81736269209276
          ],
          [
            14.250028514304432,
            37.8178056491986
          ],
          [
            14.250125883819075,
            37.8182487645712
          ],
          [
            14.250222101110605,
            37.81869203671033
          ],
          [
            14.25031716304507,
            37.81913546411484
          ],
          [
            14.250411066395806,
            37.819579045282104
          ],
          [
            14.250503807842795,
            37.82002277870747
          ],
          [
            14.250595383972012,
            37.82046666288361
          ],
          [
            14.250685784940412,
            37.8209106970979
          ],
          [
            14.250775008351367,
            37.821354879653256
          ],
          [
            14.25086305576774,
            37.82179920835945
          ],
          [
            14.250949923403763,
            37.82224368169188
          ],
          [
            14.251035607376215,
            37.822688298120305
          ],
          [
            14.251120103703629,
            37.823133056108276
          ],
          [
            14.251203408305473,
            37.82357795411245
          ],
          [
            14.251285517001318,
            37.824022990581994
          ],
          [
            14.251366425509964,
            37.82446816395791
          ],
          [
            14.251446129448567,
            37.824913472672364
          ],
          [
            14.251524624331713,
            37.82535891514802
          ],
          [
            14.251601905570489,
            37.8258044897974
          ],
          [
            14.25167796847151,
            37.82625019502211
          ],
          [
            14.251752808235944,
            37.82669602921221
          ],
          [
            14.251826419958483,
            37.82714199074544
          ],
          [
            14.251898798626318,
            37.82758807798655
          ],
          [
            14.251969939118057,
            37.82803428928649
          ],
          [
            14.252039836202645,
            37.82848062298172
          ],
          [
            14.25210848453824,
            37.828927077393395
          ],
          [
            14.252175878671066,
            37.82937365082659
          ],
          [
            14.252242013034241,
            37.829820341569516
          ],
          [
            14.252306881946577,
            37.83026714789268
          ],
          [
            14.252370479611354,
            37.830714068048074
          ],
          [
            14.252432800115058,
            37.831161100268325
          ],
          [
            14.252493837426103,
            37.83160824276581
          ],
          [
            14.252553585393521,
            37.83205549373178
          ],
          [
            14.252612037745614,
            37.83250285133546
          ],
          [
            14.25266918808859,
            37.83295031372314
          ],
          [
            14.252725029905163,
            37.83339787901719
          ],
          [
            14.252779556553126,
            37.83384554531514
          ],
          [
            14.252832761263898,
            37.83429331068867
          ],
          [
            14.252884637141024,
            37.83474117318259
          ],
          [
            14.252935177158676,
            37.83518913081385
          ],
          [
            14.252984374160093,
            37.835637181570426
          ],
          [
            14.253032220856005,
            37.836085323410295
          ],
          [
            14.253078709823031,
            37.836533554260285
          ],
          [
            14.253123833502036,
            37.836981872014974
          ],
          [
            14.253167584196456,
            37.83743027453552
          ],
          [
            14.253209954070604,
            37.837878759648454
          ],
          [
            14.253250935147932,
            37.83832732514449
          ],
          [
            14.253290519309264,
            37.838775968777256
          ],
          [
            14.253328698291003,
            37.83922468826203
          ],
          [
            14.2533654636833,
            37.83967348127443
          ],
          [
            14.25340080692819,
            37.84012234544905
          ],
          [
            14.2534347193177,
            37.84057127837812
          ],
          [
            14.253467191991914,
            37.84102027761005
          ],
          [
            14.25349821593703,
            37.841469340648004
          ],
          [
            14.253527781983347,
            37.841918464948435
          ],
          [
            14.25355588080325,
            37.8423676479195
          ],
          [
            14.253582502909145,
            37.84281688691958
          ],
          [
            14.253607638651372,
            37.843266179255586
          ],
          [
            14.253631278216075,
            37.843715522181384
          ],
          [
            14.25365341162304,
            37.84416491289606
          ],
          [
            14.253674028723504,
            37.84461434854221
          ],
          [
            14.25369311919793,
            37.84506382620414
          ],
          [
            14.253710672553742,
            37.84551334290605
          ],
          [
            14.253726678123039,
            37.84596289561018
          ],
          [
            14.25374112506026,
            37.846412481214806
          ],
          [
            14.253753986613921,
            37.84686209681616
          ],
          [
            14.253765258906972,
            37.84731173897076
          ],
          [
            14.253774937593057,
            37.847761404230425
          ],
          [
            14.253783011055535,
            37.84821108920826
          ],
          [
            14.253789467487215,
            37.848660790442565
          ],
          [
            14.253794294887818,
            37.84911050439457
          ],
          [
            14.253797481061413,
            37.849560227446105
          ],
          [
            14.253799013613811,
            37.8500099558972
          ],
          [
            14.253798879949947,
            37.85045968596359
          ],
          [
            14.253797067271206,
            37.850909413774204
          ],
          [
            14.253793562572742,
            37.85135913536855
          ],
          [
            14.25378835264076,
            37.85180884669401
          ],
          [
            14.253781413353732,
            37.852258543487714
          ],
          [
            14.25377271122619,
            37.852708221171035
          ],
          [
            14.253762261110875,
            37.85315787562819
          ],
          [
            14.253750048883635,
            37.85360750239444
          ],
          [
            14.253736060196434,
            37.85405709689776
          ],
          [
            14.253720280474466,
            37.85450665445563
          ],
          [
            14.253702694913246,
            37.85495617027183
          ],
          [
            14.253683288475672,
            37.855405639432995
          ],
          [
            14.253662045889083,
            37.855855056905284
          ],
          [
            14.253638910225115,
            37.85630441615408
          ],
          [
            14.253613900756188,
            37.856753712831434
          ],
          [
            14.25358702526282,
            37.85720294234996
          ],
          [
            14.253558278534522,
            37.85765209968107
          ],
          [
            14.253527655412595,
            37.858101179756986
          ],
          [
            14.253495150790945,
            37.85855017747103
          ],
          [
            14.253460759049403,
            37.85899908765007
          ],
          [
            14.253424409611656,
            37.85944790172656
          ],
          [
            14.253386162124038,
            37.85989661747885
          ],
          [
            14.253346011706734,
            37.86034522963603
          ],
          [
            14.253303953536673,
            37.86079373288998
          ],
          [
            14.253259982848297,
            37.861242121895756
          ],
          [
            14.253214076053398,
            37.861690390042554
          ],
          [
            14.253166189983725,
            37.86213852916864
          ],
          [
            14.253116375942943,
            37.86258653730944
          ],
          [
            14.25306462941272,
            37.863034408964914
          ],
          [
            14.25301094593623,
            37.863482138600176
          ],
          [
            14.252955309066133,
            37.863929719696074
          ],
          [
            14.25289765445013,
            37.864377141678254
          ],
          [
            14.252838048430164,
            37.86482440428604
          ],
          [
            14.252776486813561,
            37.865271501838286
          ],
          [
            14.252712965472965,
            37.86571842862129
          ],
          [
            14.252647434246201,
            37.866165174618644
          ],
          [
            14.252579889575161,
            37.86661173374479
          ],
          [
            14.252510371785359,
            37.86705810416687
          ],
          [
            14.252438877029702,
            37.867504280034815
          ],
          [
            14.252365379183372,
            37.86795025314337
          ],
          [
            14.25228982143355,
            37.86839601175139
          ],
          [
            14.252212274226627,
            37.8688415574281
          ],
          [
            14.252132734008176,
            37.86928688419575
          ],
          [
            14.25205117283054,
            37.86973198322189
          ],
          [
            14.251967532544464,
            37.87017684181949
          ],
          [
            14.251881887699529,
            37.87062146271711
          ],
          [
            14.25179423504566,
            37.87106583981875
          ],
          [
            14.251704519480532,
            37.87150996040081
          ],
          [
            14.251612732395593,
            37.871953817198786
          ],
          [
            14.251518926936301,
            37.872397411026775
          ],
          [
            14.251423100167814,
            37.87284073568045
          ],
          [
            14.251325145105472,
            37.873283770476334
          ],
          [
            14.251225152365052,
            37.873726521559085
          ],
          [
            14.251123128767263,
            37.87416898394308
          ],
          [
            14.251019010294224,
            37.87461114223831
          ],
          [
            14.250912798253802,
            37.875052990216105
          ],
          [
            14.250804546603417,
            37.87549452972295
          ],
          [
            14.250694220108596,
            37.87593574921954
          ],
          [
            14.25058175927016,
            37.87637663290839
          ],
          [
            14.250467250882703,
            37.87681718812709
          ],
          [
            14.250350674589201,
            37.877257405403405
          ],
          [
            14.25023193803513,
            37.87769726286147
          ],
          [
            14.250111146823034,
            37.87813677164461
          ],
          [
            14.249988281868209,
            37.87857592223255
          ],
          [
            14.249863245316075,
            37.879014690828896
          ],
          [
            14.249736147841945,
            37.87945309036207
          ],
          [
            14.249606958351727,
            37.87989110882739
          ],
          [
            14.249475600204125,
            37.8803287253129
          ],
          [
            14.249342175728984,
            37.880765952186145
          ],
          [
            14.249206628886117,
            37.881202772211694
          ],
          [
            14.249068930275305,
            37.88163917279186
          ],
          [
            14.248929160801573,
            37.88207516307299
          ],
          [
            14.2487872269075,
            37.882510717544555
          ],
          [
            14.248643171734656,
            37.88294583795394
          ],
          [
            14.24849704204372,
            37.88338052726344
          ],
          [
            14.248348694573837,
            37.88381474835789
          ],
          [
            14.248198269542778,
            37.88424852393604
          ],
          [
            14.248045709348759,
            37.88468183474496
          ],
          [
            14.247890982879023,
            37.885114666798735
          ],
          [
            14.247734177524222,
            37.885547032567246
          ],
          [
            14.24757516490205,
            37.885978895857
          ],
          [
            14.247414051748517,
            37.886410273875484
          ],
          [
            14.247250800390415,
            37.88684115082476
          ],
          [
            14.247085375599083,
            37.887271511079135
          ],
          [
            14.246917870116098,
            37.88770136970717
          ],
          [
            14.246748136722355,
            37.88813068357315
          ],
          [
            14.246576316561658,
            37.88855947999946
          ],
          [
            14.246402324723002,
            37.88898773055441
          ],
          [
            14.246226188327299,
            37.88941543465045
          ],
          [
            14.246047931172885,
            37.889842591060045
          ],
          [
            14.24586747791535,
            37.89026917267583
          ],
          [
            14.245684945661957,
            37.89069520294281
          ],
          [
            14.245500179803042,
            37.891120632987786
          ],
          [
            14.24531333234681,
            37.891545496294555
          ],
          [
            14.245124290446256,
            37.891969754433575
          ],
          [
            14.244933129450347,
            37.892393420666416
          ],
          [
            14.244739808281176,
            37.89281647583396
          ],
          [
            14.244544336337626,
            37.89323891491899
          ],
          [
            14.244346733723784,
            37.89366073602165
          ],
          [
            14.244146954351084,
            37.894081917942344
          ],
          [
            14.243945069167271,
            37.894502473879506
          ],
          [
            14.24374098680699,
            37.89492236869414
          ],
          [
            14.243534818977329,
            37.89534162837853
          ],
          [
            14.243326438989818,
            37.89576020623743
          ],
          [
            14.243115989485363,
            37.89617813861558
          ],
          [
            14.242903318144517,
            37.896595369778225
          ],
          [
            14.242688588407571,
            37.897011943665895
          ],
          [
            14.242471633466764,
            37.897427798702495
          ],
          [
            14.242252624046284,
            37.89784298233801
          ],
          [
            14.242031396091173,
            37.89825743261292
          ],
          [
            14.24180811547642,
            37.898671196607324
          ],
          [
            14.24158261907754,
            37.89908421136493
          ],
          [
            14.241355073372812,
            37.89949652536361
          ],
          [
            14.241125317395117,
            37.89990807510225
          ],
          [
            14.240893510409036,
            37.9003189077352
          ],
          [
            14.24065950790499,
            37.90072896429183
          ],
          [
            14.240423446775354,
            37.901138285125185
          ],
          [
            14.24018520934061,
            37.90154681975792
          ],
          [
            14.239944902203803,
            37.90195459852784
          ],
          [
            14.23970244228649,
            37.90236158271559
          ],
          [
            14.239457898266405,
            37.90276778934625
          ],
          [
            14.239211229155169,
            37.90317319480328
          ],
          [
            14.23896245835117,
            37.90357779942455
          ],
          [
            14.238711594162462,
            37.90398159811453
          ],
          [
            14.238458607636414,
            37.90438457107913
          ],
          [
            14.238203563301083,
            37.90478673522882
          ],
          [
            14.237946373063489,
            37.90518804712897
          ],
          [
            14.237687156948764,
            37.90558854625705
          ],
          [
            14.23742578330796,
            37.90598817092505
          ],
          [
            14.23716238187034,
            37.90638696528014
          ],
          [
            14.236896868749332,
            37.906784886378595
          ],
          [
            14.236629296337012,
            37.90718194720795
          ],
          [
            14.236359661439348,
            37.907578137988395
          ],
          [
            14.236087933294115,
            37.907973436833686
          ],
          [
            14.235814195068988,
            37.908367870866975
          ],
          [
            14.235538327308719,
            37.908761379578436
          ],
          [
            14.235260460887847,
            37.90915401126193
          ],
          [
            14.234980514534683,
            37.90954572151558
          ],
          [
            14.234698533048501,
            37.90993652130873
          ],
          [
            14.234414532676567,
            37.910326409394074
          ],
          [
            14.234128454384479,
            37.91071534996667
          ],
          [
            14.23384039618224,
            37.91110337915333
          ],
          [
            14.233550264923444,
            37.911490445036286
          ],
          [
            14.233258137664965,
            37.911876574506074
          ],
          [
            14.232964006148205,
            37.912261755047844
          ],
          [
            14.23266783011042,
            37.91264595836839
          ],
          [
            14.232369695666437,
            37.91302921697043
          ],
          [
            14.232069517174677,
            37.91341148040079
          ],
          [
            14.231767364707641,
            37.91379277373154
          ],
          [
            14.231463243867665,
            37.9141730910398
          ],
          [
            14.231157095539428,
            37.91455239363224
          ],
          [
            14.23084901289512,
            37.91493071929727
          ],
          [
            14.230538935187116,
            37.915308028305596
          ],
          [
            14.230226890238862,
            37.91568432558195
          ],
          [
            14.229912926227314,
            37.916059627216356
          ],
          [
            14.229596948579365,
            37.91643387464123
          ],
          [
            14.229279057416987,
            37.91680711115463
          ],
          [
            14.228959238041634,
            37.91717932017244
          ],
          [
            14.22863744462593,
            37.91755046775374
          ],
          [
            14.228313760016146,
            37.91792058944134
          ],
          [
            14.227988139729552,
            37.918289651987976
          ],
          [
            14.22766059047269,
            37.91865764960416
          ],
          [
            14.227331167421411,
            37.919024603824205
          ],
          [
            14.226999808181862,
            37.919390470513
          ],
          [
            14.226666559471246,
            37.91975526650136
          ],
          [
            14.226331455100254,
            37.92011900206454
          ],
          [
            14.225994420559912,
            37.92048162501278
          ],
          [
            14.225655530816598,
            37.92084316917939
          ],
          [
            14.225314804239055,
            37.92120363637438
          ],
          [
            14.224972159628814,
            37.92156296921681
          ],
          [
            14.224627689182649,
            37.921921212858415
          ],
          [
            14.224281398918869,
            37.92227836198003
          ],
          [
            14.223933213392582,
            37.922634361369234
          ],
          [
            14.22358322435706,
            37.92298925728961
          ],
          [
            14.223231435523132,
            37.92334304305117
          ],
          [
            14.222877774729524,
            37.923695664263526
          ],
          [
            14.222522330876865,
            37.924047166784334
          ],
          [
            14.222165110395796,
            37.92439754565333
          ],
          [
            14.221806041029282,
            37.92474674526161
          ],
          [
            14.221445207666195,
            37.92509481022803
          ],
          [
            14.221082618844358,
            37.92544173698076
          ],
          [
            14.22071821383285,
            37.925787476298034
          ],
          [
            14.220352057677434,
            37.9261320610792
          ],
          [
            14.21998416771351,
            37.92647549358529
          ],
          [
            14.219614498476766,
            37.92681773386966
          ],
          [
            14.219243087536993,
            37.92715879735414
          ],
          [
            14.218869964878317,
            37.92749869500094
          ],
          [
            14.218495103742677,
            37.92783739901136
          ],
          [
            14.21811850719681,
            37.928174901597885
          ],
          [
            14.217740221420495,
            37.928511225279564
          ],
          [
            14.217360241513317,
            37.928846357258344
          ],
          [
            14.216978529592646,
            37.92918026084201
          ],
          [
            14.216595151289159,
            37.92951297294422
          ],
          [
            14.216210113853116,
            37.929844489456165
          ],
          [
            14.215823370310128,
            37.93017476654995
          ],
          [
            14.2154349709696,
            37.93050383093017
          ],
          [
            14.215044935774845,
            37.93083168778356
          ],
          [
            14.21465324725937,
            37.93115831455042
          ],
          [
            14.214259899160993,
            37.93148369651434
          ],
          [
            14.213864938756762,
            37.9318078594887
          ],
          [
            14.213468373539023,
            37.93213079972193
          ],
          [
            14.213070156463719,
            37.93245247123379
          ],
          [
            14.212670344044792,
            37.93277290751994
          ],
          [
            14.212268950675886,
            37.93309211021575
          ],
          [
            14.211865965077005,
            37.933410060793925
          ],
          [
            14.211461374381178,
            37.93372673896181
          ],
          [
            14.211055226786069,
            37.934042173140234
          ],
          [
            14.210647529959795,
            37.93435635991802
          ],
          [
            14.21023825371682,
            37.93466926493054
          ],
          [
            14.209827426231536,
            37.93498090094316
          ],
          [
            14.209415073774338,
            37.935291279734194
          ],
          [
            14.209001204087853,
            37.93560039807671
          ],
          [
            14.208585774213429,
            37.935908209951506
          ],
          [
            14.20816884089048,
            37.93621475281991
          ],
          [
            14.20775041474939,
            37.93652002597352
          ],
          [
            14.207330496512023,
            37.936824020247755
          ],
          [
            14.206909057287035,
            37.93712670049339
          ],
          [
            14.206486149726553,
            37.937428102159075
          ],
          [
            14.206061781656018,
            37.93772822232217
          ],
          [
            14.205635949190786,
            37.9380270476524
          ],
          [
            14.205208635333175,
            37.93832455270616
          ],
          [
            14.2047798855095,
            37.93862076790049
          ],
          [
            14.204349707570756,
            37.93891569047367
          ],
          [
            14.20391809782267,
            37.93920930707981
          ],
          [
            14.203485041385731,
            37.939501593672304
          ],
          [
            14.203050581392016,
            37.93979257976624
          ],
          [
            14.202614725702484,
            37.9400822627512
          ],
          [
            14.20217747517587,
            37.94037063340832
          ],
          [
            14.20173880815438,
            37.94065766079118
          ],
          [
            14.201298769966252,
            37.94094337763672
          ],
          [
            14.200857368468025,
            37.94122778147566
          ],
          [
            14.20041461151567,
            37.94151086987139
          ],
          [
            14.199970467137298,
            37.941792601133656
          ],
          [
            14.199524982395706,
            37.94207301089805
          ],
          [
            14.199078166643277,
            37.94235209830623
          ],
          [
            14.198630027715227,
            37.94262986104955
          ],
          [
            14.198180547809368,
            37.94290627077142
          ],
          [
            14.19772974762262,
            37.94318133776543
          ],
          [
            14.197277648589772,
            37.94345507355796
          ],
          [
            14.196824258513654,
            37.943727475957296
          ],
          [
            14.196369576885557,
            37.94399853408535
          ],
          [
            14.195913591650449,
            37.94426822458651
          ],
          [
            14.19545633955618,
            37.944536575500415
          ],
          [
            14.19499782836278,
            37.944803584740995
          ],
          [
            14.194538065820463,
            37.94506925024602
          ],
          [
            14.194077036900515,
            37.945333545128676
          ],
          [
            14.193614761053729,
            37.945596479641175
          ],
          [
            14.193151257826399,
            37.94585806460241
          ],
          [
            14.192686534914493,
            37.94611829804141
          ],
          [
            14.19222060000144,
            37.94637717800744
          ],
          [
            14.191753430304244,
            37.946634667997614
          ],
          [
            14.19128506304663,
            37.94689079906774
          ],
          [
            14.190815507502736,
            37.94714557117268
          ],
          [
            14.190344771292116,
            37.947398982438294
          ],
          [
            14.18987285975918,
            37.947651028359935
          ],
          [
            14.189399755280832,
            37.94790167724867
          ],
          [
            14.18892549362138,
            37.94815096002564
          ],
          [
            14.18845008233013,
            37.94839887488143
          ],
          [
            14.187973528940057,
            37.948645420020206
          ],
          [
            14.187495840507156,
            37.948890593098085
          ],
          [
            14.18701699793477,
            37.94913435963827
          ],
          [
            14.186537036444388,
            37.94937675141214
          ],
          [
            14.186055963492223,
            37.949617766673626
          ],
          [
            14.185573786516649,
            37.949857403686586
          ],
          [
            14.185090512937942,
            37.950095660724024
          ],
          [
            14.184606131209122,
            37.95033251181995
          ],
          [
            14.184120661826674,
            37.95056797155631
          ],
          [
            14.183634118633679,
            37.95080204646029
          ],
          [
            14.183146508967932,
            37.9510347348366
          ],
          [
            14.182657840148106,
            37.951266034995356
          ],
          [
            14.182168114056587,
            37.95149593803245
          ],
          [
            14.181677325945158,
            37.95172442590579
          ],
          [
            14.181185501131266,
            37.95195152080399
          ],
          [
            14.180692646848115,
            37.95217722105382
          ],
          [
            14.18019877030915,
            37.9524015249837
          ],
          [
            14.179703878707958,
            37.952624430922924
          ],
          [
            14.17920797030424,
            37.95284592471343
          ],
          [
            14.178711049603134,
            37.95306600060576
          ],
          [
            14.178213135876144,
            37.953284673793526
          ],
          [
            14.177714236229724,
            37.95350194260459
          ],
          [
            14.177214357750286,
            37.9537178053639
          ],
          [
            14.176713507504186,
            37.95393226039282
          ],
          [
            14.1762116876459,
            37.95414529879821
          ],
          [
            14.175708896718017,
            37.95435690607691
          ],
          [
            14.17520515564311,
            37.95456710087404
          ],
          [
            14.1747004714008,
            37.95477588149138
          ],
          [
            14.1741948509509,
            37.95498324622334
          ],
          [
            14.173688301233476,
            37.95518919335615
          ],
          [
            14.173180829168945,
            37.9553937211671
          ],
          [
            14.172672431248467,
            37.95559681161452
          ],
          [
            14.172163119454728,
            37.95579847056534
          ],
          [
            14.17165290645955,
            37.95599870529648
          ],
          [
            14.171141799099548,
            37.956197514044604
          ],
          [
            14.170629804192396,
            37.9563948950337
          ],
          [
            14.170116928537007,
            37.95659084647425
          ],
          [
            14.169603178913714,
            37.95678536656255
          ],
          [
            14.169088556292044,
            37.95697844381644
          ],
          [
            14.168573065601912,
            37.957170073066905
          ],
          [
            14.16805672163898,
            37.95736026581085
          ],
          [
            14.16753953110528,
            37.95754902018278
          ],
          [
            14.16702150068544,
            37.9577363342992
          ],
          [
            14.166502637046944,
            37.957922206257805
          ],
          [
            14.165982946840414,
            37.958106634136726
          ],
          [
            14.165462436699897,
            37.95828961599378
          ],
          [
            14.164941109586579,
            37.95847114329157
          ],
          [
            14.164418968543576,
            37.9586512073846
          ],
          [
            14.16389602779386,
            37.95882981987269
          ],
          [
            14.163372293902531,
            37.95900697872763
          ],
          [
            14.162847773419799,
            37.95918268189701
          ],
          [
            14.162322472881366,
            37.9593569273035
          ],
          [
            14.161796398808807,
            37.959529712844024
          ],
          [
            14.16126955770996,
            37.95970103638897
          ],
          [
            14.160741956079349,
            37.95987089578146
          ],
          [
            14.160213600398594,
            37.960039288836484
          ],
          [
            14.159684490434373,
            37.96020620003345
          ],
          [
            14.159154638169724,
            37.96037163779037
          ],
          [
            14.158624051596254,
            37.960535602884896
          ],
          [
            14.158092737142882,
            37.96069809301527
          ],
          [
            14.157560701227972,
            37.9608591058477
          ],
          [
            14.157027950259845,
            37.961018639015585
          ],
          [
            14.156494490637291,
            37.9611766901187
          ],
          [
            14.155960328750107,
            37.961333256722384
          ],
          [
            14.155425470979639,
            37.96148833635673
          ],
          [
            14.154889923699349,
            37.96164192651578
          ],
          [
            14.154353693275393,
            37.9617940246567
          ],
          [
            14.153816786067209,
            37.961944628198935
          ],
          [
            14.15327920706449,
            37.96209373144309
          ],
          [
            14.152740960618749,
            37.96224132706015
          ],
          [
            14.152202056739998,
            37.96238742055658
          ],
          [
            14.151662501761468,
            37.96253200919706
          ],
          [
            14.151122302012848,
            37.962675090204456
          ],
          [
            14.150581463820977,
            37.96281666075902
          ],
          [
            14.150039993510548,
            37.96295671799749
          ],
          [
            14.149497897404808,
            37.9630952590123
          ],
          [
            14.148955181826299,
            37.963232280850654
          ],
          [
            14.1484118530976,
            37.96336778051372
          ],
          [
            14.147867917542097,
            37.96350175495573
          ],
          [
            14.147323381484753,
            37.963634201083124
          ],
          [
            14.146778251252922,
            37.96376511575366
          ],
          [
            14.146232533177153,
            37.96389449577554
          ],
          [
            14.145686233592029,
            37.964022337906535
          ],
          [
            14.145139358837021,
            37.96414863885306
          ],
          [
            14.14459191525736,
            37.964273395269295
          ],
          [
            14.144043909555716,
            37.96439660473288
          ],
          [
            14.143495350979526,
            37.96451827194037
          ],
          [
            14.142946250082026,
            37.96463840555587
          ],
          [
            14.142396617391405,
            37.96475701459693
          ],
          [
            14.14184646338542,
            37.964874108375
          ],
          [
            14.141295798486363,
            37.9649896964914
          ],
          [
            14.140744633056169,
            37.96510378883319
          ],
          [
            14.14019297739168,
            37.96521639556893
          ],
          [
            14.139640841720038,
            37.96532752714428
          ],
          [
            14.139088236194244,
            37.96543719427753
          ],
          [
            14.138535170888867,
            37.96554540795496
          ],
          [
            14.137981655795912,
            37.965652179426186
          ],
          [
            14.137427700820837,
            37.9657575201993
          ],
          [
            14.13687331577874,
            37.965861442035994
          ],
          [
            14.136318510390709,
            37.96596395694663
          ],
          [
            14.135763294280336,
            37.96606507718512
          ],
          [
            14.135207676970385,
            37.96616481524384
          ],
          [
            14.134651667879648,
            37.96626318384845
          ],
          [
            14.134095276319941,
            37.96636019595261
          ],
          [
            14.13353851149329,
            37.96645586473273
          ],
          [
            14.132981382489268,
            37.96655020358258
          ],
          [
            14.132423898282513,
            37.96664322610795
          ],
          [
            14.131866067730392,
            37.96673494612118
          ],
          [
            14.131307899570855,
            37.96682537763577
          ],
          [
            14.13074940242043,
            37.96691453486086
          ],
          [
            14.130190584772397,
            37.96700243219577
          ],
          [
            14.12963145499512,
            37.96708908422447
          ],
          [
            14.129072021330536,
            37.96717450571011
          ],
          [
            14.128512291892799,
            37.967258711589494
          ],
          [
            14.127952274667088,
            37.967341716967525
          ],
          [
            14.127391977508577,
            37.967423537111785
          ],
          [
            14.126831408141525,
            37.96750418744697
          ],
          [
            14.126270574158559,
            37.96758368354946
          ],
          [
            14.125709483020058,
            37.96766204114185
          ],
          [
            14.125148142053728,
            37.96773927608751
          ],
          [
            14.124586558454274,
            37.96781540438519
          ],
          [
            14.124024738990613,
            37.9678904407887
          ],
          [
            14.123462690272417,
            37.96796439997126
          ],
          [
            14.122900419759306,
            37.968037301390574
          ],
          [
            14.122337934113535,
            37.96810916154199
          ],
          [
            14.121775239864643,
            37.968179997029125
          ],
          [
            14.121212343409955,
            37.96824982455875
          ],
          [
            14.120649251015159,
            37.968318660935644
          ],
          [
            14.120085968815044,
            37.96838652305757
          ],
          [
            14.119522502814316,
            37.96845342791024
          ],
          [
            14.118958858888526,
            37.96851939256237
          ],
          [
            14.118395042785115,
            37.96858443416081
          ],
          [
            14.117831060124546,
            37.968648569925676
          ],
          [
            14.117266916401526,
            37.96871181714564
          ],
          [
            14.116702616986338,
            37.968774193173154
          ],
          [
            14.116138167126246,
            37.96883571541988
          ],
          [
            14.115573571946992,
            37.96889640135207
          ],
          [
            14.115008836454365,
            37.968956268486096
          ],
          [
            14.114443965535854,
            37.969015334383975
          ],
          [
            14.113878963962378,
            37.96907361664902
          ],
          [
            14.113313836390072,
            37.96913113292156
          ],
          [
            14.11274858736215,
            37.969187900874665
          ],
          [
            14.11218322131083,
            37.96924393821001
          ],
          [
            14.111617742559309,
            37.96929926265381
          ],
          [
            14.111052155323803,
            37.96935389195275
          ],
          [
            14.110486463715631,
            37.96940784387007
          ],
          [
            14.109920671743351,
            37.96946113618169
          ],
          [
            14.109354783314945,
            37.96951378667237
          ],
          [
            14.108788802240037,
            37.969565813132014
          ],
          [
            14.108222732232152,
            37.96961723335196
          ],
          [
            14.107656576911015,
            37.969668065121425
          ],
          [
            14.107090339804877,
            37.96971832622393
          ],
          [
            14.106524024352874,
            37.96976803443387
          ],
          [
            14.105957633907401,
            37.9698172075131
          ],
          [
            14.105391171736526,
            37.96986586320763
          ],
          [
            14.104824641026413,
            37.96991401924433
          ],
          [
            14.104258044883757,
            37.96996169332775
          ],
          [
            14.10369138633825,
            37.970008903136986
          ],
          [
            14.103124668345046,
            37.97005566632263
          ],
          [
            14.102557893787235,
            37.97010200050371
          ],
          [
            14.10199106547833,
            37.9701479232648
          ],
          [
            14.101424186164754,
            37.97019345215309
          ],
          [
            14.100857258528329,
            37.97023860467559
          ],
          [
            14.100290285188763,
            37.970283398296345
          ],
          [
            14.099723268706137,
            37.970327850433705
          ],
          [
            14.09915621158339,
            37.97037197845771
          ],
          [
            14.098589116268776,
            37.970415799687444
          ],
          [
            14.098021985158349,
            37.97045933138851
          ],
          [
            14.09745482059839,
            37.970502590770515
          ],
          [
            14.096887624887863,
            37.970545594984635
          ],
          [
            14.096320400280831,
            37.970588361121216
          ],
          [
            14.095753148988855,
            37.9706309062074
          ],
          [
            14.095185873183386,
            37.97067324720485
          ],
          [
            14.094618574998126,
            37.970715401007496
          ],
          [
            14.09405125653137,
            37.970757384439274
          ],
          [
            14.093483919848325,
            37.97079921425201
          ],
          [
            14.092916566983392,
            37.97084090712326
          ],
          [
            14.092349199942445,
            37.97088247965422
          ],
          [
            14.091781820705052,
            37.970923948367705
          ],
          [
            14.091214431226687,
            37.9709653297061
          ],
          [
            14.090647033440899,
            37.971006640029415
          ],
          [
            14.090079629261457,
            37.971047895613346
          ],
          [
            14.089512220584446,
            37.97108911264734
          ],
          [
            14.088944809290348,
            37.971130307232784
          ],
          [
            14.088377397246067,
            37.9711714953811
          ],
          [
            14.087809986306928,
            37.971212693012006
          ],
          [
            14.087242578318635,
            37.9712539159517
          ],
          [
            14.086675175119183,
            37.97129517993111
          ],
          [
            14.086107778540738,
            37.97133650058423
          ],
          [
            14.085540390462613,
            37.97137789388262
          ],
          [
            14.084973012724031,
            37.971419375371
          ],
          [
            14.084405647124203,
            37.97146096015424
          ],
          [
            14.083838295492283,
            37.97150266347799
          ],
          [
            14.083270959660453,
            37.971544500482906
          ],
          [
            14.082703641465544,
            37.97158648620302
          ],
          [
            14.082136342750605,
            37.97162863556425
          ],
          [
            14.08156906536643,
            37.97167096338284
          ],
          [
            14.081001811173032,
            37.97171348436391
          ],
          [
            14.080434582041061,
            37.97175621309991
          ],
          [
            14.079867379853193,
            37.9717991640692
          ],
          [
            14.079300206598548,
            37.971842352393985
          ],
          [
            14.078733064432358,
            37.97188579428856
          ],
          [
            14.07816595501165,
            37.97192950165612
          ],
          [
            14.077598880283876,
            37.97197348852181
          ],
          [
            14.077031842214826,
            37.97201776878974
          ],
          [
            14.076464842789719,
            37.972062356241636
          ],
          [
            14.075897884014214,
            37.9721072645355
          ],
          [
            14.075330967915392,
            37.97215250720431
          ],
          [
            14.074764096542655,
            37.97219809765468
          ],
          [
            14.07419727265255,
            37.9722440543977
          ],
          [
            14.07363049787192,
            37.972290386884474
          ],
          [
            14.07306377421269,
            37.97233710726626
          ],
          [
            14.072497103827406,
            37.97238422844959
          ],
          [
            14.07193048889498,
            37.972431763208405
          ],
          [
            14.071363931621276,
            37.97247972418289
          ],
          [
            14.070797434239658,
            37.9725281238783
          ],
          [
            14.070231000222773,
            37.97257698336611
          ],
          [
            14.069664630845997,
            37.9726263073987
          ],
          [
            14.069098328373308,
            37.972676107639586
          ],
          [
            14.068532095159801,
            37.97272639606066
          ],
          [
            14.067965933590255,
            37.97277718449312
          ],
          [
            14.067399846079335,
            37.97282848462643
          ],
          [
            14.066833836852872,
            37.97288032005288
          ],
          [
            14.066267906803375,
            37.97293269118991
          ],
          [
            14.06570205841931,
            37.9729856091398
          ],
          [
            14.065136294245056,
            37.973039085032326
          ],
          [
            14.064570616855463,
            37.97309312985033
          ],
          [
            14.064005030456306,
            37.973147764688896
          ],
          [
            14.063439537023285,
            37.97320299569243
          ],
          [
            14.062874138501517,
            37.97325882867663
          ],
          [
            14.062308837596705,
            37.97331527404437
          ],
          [
            14.061743637044303,
            37.973372342046716
          ],
          [
            14.061178542211003,
            37.97343005855096
          ],
          [
            14.060613553949421,
            37.97348842130297
          ],
          [
            14.06004867468678,
            37.97354743761464
          ],
          [
            14.05948390728545,
            37.97360711713853
          ],
          [
            14.05891925620076,
            37.97366747843562
          ],
          [
            14.058354725089126,
            37.97372853473342
          ],
          [
            14.057790314894437,
            37.97379028342708
          ],
          [
            14.057226028599544,
            37.973852733557024
          ],
          [
            14.056661870558912,
            37.97391590144818
          ],
          [
            14.056097845711475,
            37.973979805945206
          ],
          [
            14.055533954209237,
            37.974044439280924
          ],
          [
            14.054970199146068,
            37.97410980987138
          ],
          [
            14.054406585954679,
            37.974175938192516
          ],
          [
            14.053843118605968,
            37.97424283620881
          ],
          [
            14.053279797503496,
            37.97431049706496
          ],
          [
            14.052716625839782,
            37.97437892854189
          ],
          [
            14.052153611735754,
            37.974448162962815
          ],
          [
            14.051590755091315,
            37.974518190295996
          ],
          [
            14.05102805801828,
            37.97458901198604
          ],
          [
            14.050465526216447,
            37.97466064695124
          ],
          [
            14.049903165330932,
            37.9747331130085
          ],
          [
            14.049340974375019,
            37.97480639576713
          ],
          [
            14.048778957177369,
            37.97488050421218
          ],
          [
            14.048217124089145,
            37.97495547722863
          ],
          [
            14.047655471487758,
            37.975031287885734
          ],
          [
            14.047094002750502,
            37.97510794234774
          ],
          [
            14.046532729482506,
            37.975185483429016
          ],
          [
            14.045971648106223,
            37.975263884749154
          ],
          [
            14.045410761355,
            37.975343148905914
          ],
          [
            14.044850081656946,
            37.97542332040941
          ],
          [
            14.044289604923625,
            37.97550437105857
          ],
          [
            14.0437293338083,
            37.975586302599986
          ],
          [
            14.043169282544175,
            37.97566916519535
          ],
          [
            14.042609444325489,
            37.97575291971441
          ],
          [
            14.04204982515427,
            37.975837581321585
          ],
          [
            14.041490435596383,
            37.975923182955746
          ],
          [
            14.040931270117452,
            37.97600969174113
          ],
          [
            14.040372338908155,
            37.97609713858988
          ],
          [
            14.039813645501065,
            37.97618552694078
          ],
          [
            14.039255187233818,
            37.976274836232754
          ],
          [
            14.038696980514368,
            37.9763651198572
          ],
          [
            14.038139017877798,
            37.976456338441125
          ],
          [
            14.037581307149688,
            37.976548511752235
          ],
          [
            14.03702385614569,
            37.97664165859648
          ],
          [
            14.036466658959059,
            37.97673574676959
          ],
          [
            14.035909734262223,
            37.976830834642115
          ],
          [
            14.03535307237449,
            37.97692687629779
          ],
          [
            14.034796684579936,
            37.97702390236345
          ],
          [
            14.034240574040155,
            37.97712191352945
          ],
          [
            14.03368473954008,
            37.97722089538821
          ],
          [
            14.033129196387817,
            37.977320890933775
          ],
          [
            14.032573933085828,
            37.977421850141276
          ],
          [
            14.032018971875619,
            37.97752383882721
          ],
          [
            14.031464299434186,
            37.97762680138749
          ],
          [
            14.030909932947011,
            37.97773078537823
          ],
          [
            14.03035586725314,
            37.97783576324794
          ],
          [
            14.029802111989108,
            37.977941756613816
          ],
          [
            14.029248668839934,
            37.97804876060733
          ],
          [
            14.02869554129055,
            37.978156776427916
          ],
          [
            14.0281427363702,
            37.97826581622397
          ],
          [
            14.027590252999007,
            37.97837586659162
          ],
          [
            14.027038101855375,
            37.978486950741086
          ],
          [
            14.02648627907844,
            37.97859904676536
          ],
          [
            14.025934797099923,
            37.978712182699994
          ],
          [
            14.02538365126622,
            37.97882633451287
          ],
          [
            14.024832853658491,
            37.97894152855512
          ],
          [
            14.024282401030206,
            37.9790577453171
          ],
          [
            14.023732302793112,
            37.979175002690994
          ],
          [
            14.023182559525967,
            37.97929329259801
          ],
          [
            14.022633175430558,
            37.97941261744102
          ],
          [
            14.022084157554158,
            37.9795329877322
          ],
          [
            14.021535502119967,
            37.979654383108176
          ],
          [
            14.020987225518255,
            37.97977684007445
          ],
          [
            14.020439312990874,
            37.979900307987535
          ],
          [
            14.019891793382719,
            37.98002485698106
          ],
          [
            14.019344643992254,
            37.9801504153553
          ],
          [
            14.018797890631692,
            37.98027704383504
          ],
          [
            14.01825152145218,
            37.98040470111168
          ],
          [
            14.017705546228372,
            37.98053340407306
          ],
          [
            14.017159972507331,
            37.98066316333773
          ],
          [
            14.016614788575133,
            37.98079393921418
          ],
          [
            14.016070025329622,
            37.98092580265196
          ],
          [
            14.01552565867704,
            37.98105868241405
          ],
          [
            14.014981707472932,
            37.98119261779869
          ],
          [
            14.01443817342748,
            37.981327604051806
          ],
          [
            14.013895046863874,
            37.981463608227926
          ],
          [
            14.013352358786442,
            37.98160069844689
          ],
          [
            14.012810086421732,
            37.981738809573
          ],
          [
            14.012268240668135,
            37.98187795984225
          ],
          [
            14.011726836475638,
            37.98201817669416
          ],
          [
            14.0111858574494,
            37.98215941208879
          ],
          [
            14.010645321879467,
            37.98230170124798
          ],
          [
            14.010105231572311,
            37.982445039796524
          ],
          [
            14.009565576643483,
            37.98258939625684
          ],
          [
            14.009026378287928,
            37.98273481164681
          ],
          [
            14.008487631781534,
            37.98288126657604
          ],
          [
            14.007949327899512,
            37.98302873192413
          ],
          [
            14.007411481612708,
            37.98317723376613
          ],
          [
            14.006874084353477,
            37.983326744834294
          ],
          [
            14.00633712407948,
            37.98347723078728
          ],
          [
            14.0058006103214,
            37.983628705609235
          ],
          [
            14.005264543601909,
            37.983781163186656
          ],
          [
            14.004728907889486,
            37.98393456153883
          ],
          [
            14.004193703855298,
            37.98408889569554
          ],
          [
            14.00365894833185,
            37.98424419533354
          ],
          [
            14.003124617690677,
            37.98440040329815
          ],
          [
            14.002590710004517,
            37.98455750961484
          ],
          [
            14.002057236361058,
            37.984715531778235
          ],
          [
            14.001524190986784,
            37.98487445167581
          ],
          [
            14.000991562304536,
            37.985034239515365
          ],
          [
            14.000459348346832,
            37.98519488593222
          ],
          [
            13.999927564785086,
            37.98535641780391
          ],
          [
            13.999396195038415,
            37.98551879575469
          ],
          [
            13.998865233672605,
            37.985682003762825
          ],
          [
            13.99833467869662,
            37.98584603302997
          ],
          [
            13.997804544950752,
            37.98601090853166
          ],
          [
            13.997274816006987,
            37.986176592523975
          ],
          [
            13.996745487076346,
            37.986343071008655
          ],
          [
            13.996216556158112,
            37.98651033571349
          ],
          [
            13.995688032279238,
            37.98667840004085
          ],
          [
            13.995159909255984,
            37.98684724751274
          ],
          [
            13.99463217787472,
            37.98701685606496
          ],
          [
            13.99410483613652,
            37.987187217914155
          ],
          [
            13.993577882711792,
            37.987358326666396
          ],
          [
            13.993051330870172,
            37.98753020381769
          ],
          [
            13.992525162339675,
            37.987702810636094
          ],
          [
            13.991999375132579,
            37.98787613979267
          ],
          [
            13.991473967264232,
            37.98805018406144
          ],
          [
            13.990948938366568,
            37.98822493932948
          ],
          [
            13.990424298330964,
            37.98840042059697
          ],
          [
            13.989900031382605,
            37.98857659506838
          ],
          [
            13.989376135557386,
            37.98875345593319
          ],
          [
            13.988852608896265,
            37.98893099647516
          ],
          [
            13.988329449445613,
            37.989109210070765
          ],
          [
            13.987806665368035,
            37.989288108557595
          ],
          [
            13.987284247925032,
            37.98946767297217
          ],
          [
            13.986762191574787,
            37.989647890391595
          ],
          [
            13.986240494392552,
            37.989828754566034
          ],
          [
            13.98571915446044,
            37.9900102593306
          ],
          [
            13.985198169867669,
            37.99019239860396
          ],
          [
            13.984677549151513,
            37.99037518487954
          ],
          [
            13.984157281472308,
            37.990558596248476
          ],
          [
            13.983637363180218,
            37.99074262374831
          ],
          [
            13.983117792399227,
            37.99092726163413
          ],
          [
            13.982598567261443,
            37.99111250423764
          ],
          [
            13.98207968590726,
            37.99129834596594
          ],
          [
            13.981561150284879,
            37.991484787870675
          ],
          [
            13.98104296158294,
            37.99167182965972
          ],
          [
            13.980525110899315,
            37.99185945369844
          ],
          [
            13.980007596413126,
            37.99204765469709
          ],
          [
            13.979490416312464,
            37.99223642743511
          ],
          [
            13.978973568794496,
            37.99242576675997
          ],
          [
            13.97845705206556,
            37.99261566758612
          ],
          [
            13.977940865165074,
            37.99280612628222
          ],
          [
            13.97742501395229,
            37.99299715070322
          ],
          [
            13.97690948799564,
            37.99318872130987
          ],
          [
            13.976394285542948,
            37.99338083328563
          ],
          [
            13.975879404851586,
            37.993573481875465
          ],
          [
            13.975364844188526,
            37.99376666238487
          ],
          [
            13.9748506018304,
            37.99396037017889
          ],
          [
            13.974336676063537,
            37.994154600681156
          ],
          [
            13.973823065184005,
            37.994349349372996
          ],
          [
            13.973309774583166,
            37.99454462337807
          ],
          [
            13.972796796199296,
            37.99474040778887
          ],
          [
            13.972284127477337,
            37.994936696814065
          ],
          [
            13.971771766756236,
            37.99513348616636
          ],
          [
            13.971259712384763,
            37.99533077161152
          ],
          [
            13.970747962721525,
            37.99552854896749
          ],
          [
            13.97023651613497,
            37.9957268141036
          ],
          [
            13.969725371003387,
            37.995925562939746
          ],
          [
            13.969214525714898,
            37.996124791445595
          ],
          [
            13.968703982397797,
            37.9963245015721
          ],
          [
            13.968193738622992,
            37.99652468800933
          ],
          [
            13.967683789774604,
            37.99672534203681
          ],
          [
            13.967174134283303,
            37.996926459823605
          ],
          [
            13.966664770589482,
            37.997128037584595
          ],
          [
            13.966155697143243,
            37.99733007157978
          ],
          [
            13.965646912404367,
            37.997532558113555
          ],
          [
            13.965138414842281,
            37.99773549353401
          ],
          [
            13.96463020293603,
            37.99793887423227
          ],
          [
            13.964122275174235,
            37.99814269664183
          ],
          [
            13.96361463005506,
            37.998346957237864
          ],
          [
            13.963107271039895,
            37.99855166017574
          ],
          [
            13.962600192259728,
            37.99875679520729
          ],
          [
            13.962093391568459,
            37.99896235789095
          ],
          [
            13.961586867504872,
            37.99916834486862
          ],
          [
            13.961080618617034,
            37.999374752820636
          ],
          [
            13.96057464346224,
            37.999581578465154
          ],
          [
            13.960068940606961,
            37.99978881855758
          ],
          [
            13.959563508626793,
            37.99999646989002
          ],
          [
            13.959058346106398,
            38.00020452929064
          ],
          [
            13.958553451639439,
            38.000412993623186
          ],
          [
            13.958048823828532,
            38.0006218597864
          ],
          [
            13.957544461285183,
            38.000831124713464
          ],
          [
            13.957040366506998,
            38.001040791172144
          ],
          [
            13.956536535078216,
            38.001250851578234
          ],
          [
            13.956032964731651,
            38.00146130160937
          ],
          [
            13.955529654116148,
            38.00167213833616
          ],
          [
            13.955026601889076,
            38.00188335886102
          ],
          [
            13.954523806716264,
            38.002094960317635
          ],
          [
            13.954021267271926,
            38.00230693987049
          ],
          [
            13.953518982238597,
            38.0025192947144
          ],
          [
            13.953016950307056,
            38.00273202207405
          ],
          [
            13.952515170176257,
            38.00294511920351
          ],
          [
            13.952013640553249,
            38.003158583385805
          ],
          [
            13.951512360153112,
            38.00337241193245
          ],
          [
            13.951011327698874,
            38.00358660218304
          ],
          [
            13.950510544786384,
            38.00380115566615
          ],
          [
            13.950010008639424,
            38.0040160675545
          ],
          [
            13.949509716610777,
            38.00423133324154
          ],
          [
            13.949009667456464,
            38.00444695017839
          ],
          [
            13.948509859940039,
            38.00466291584204
          ],
          [
            13.948010292832503,
            38.00487922773494
          ],
          [
            13.94751096491223,
            38.00509588338463
          ],
          [
            13.947011874964879,
            38.00531288034329
          ],
          [
            13.946513021783318,
            38.005530216187445
          ],
          [
            13.946014404167542,
            38.005747888517504
          ],
          [
            13.945516020924591,
            38.00596589495741
          ],
          [
            13.945017870868462,
            38.006184233154315
          ],
          [
            13.944519952820034,
            38.00640290077814
          ],
          [
            13.944022266922135,
            38.006621897381336
          ],
          [
            13.94352481343871,
            38.00684122268609
          ],
          [
            13.943027588445272,
            38.00706087051038
          ],
          [
            13.94253059079089,
            38.00728083861444
          ],
          [
            13.942033819331058,
            38.00750112477949
          ],
          [
            13.941537272927608,
            38.00772172680739
          ],
          [
            13.941040950448619,
            38.007942642520355
          ],
          [
            13.940544850768335,
            38.00816386976058
          ],
          [
            13.94004897276708,
            38.00838540638995
          ],
          [
            13.939553315331167,
            38.00860725028969
          ],
          [
            13.939057877352807,
            38.00882939936011
          ],
          [
            13.93856265773003,
            38.00905185152021
          ],
          [
            13.938067655366583,
            38.00927460470746
          ],
          [
            13.937572872322457,
            38.009497661227364
          ],
          [
            13.937078305376927,
            38.00972101608763
          ],
          [
            13.936583952431834,
            38.00994466587079
          ],
          [
            13.93608981241405,
            38.01016860858684
          ],
          [
            13.93559588425569,
            38.01039284226265
          ],
          [
            13.935102166894032,
            38.010617364941695
          ],
          [
            13.93460865927141,
            38.01084217468381
          ],
          [
            13.934115360335136,
            38.01106726956485
          ],
          [
            13.933622269037402,
            38.01129264767645
          ],
          [
            13.933129384335192,
            38.01151830712574
          ],
          [
            13.932636705190179,
            38.01174424603509
          ],
          [
            13.93214423295207,
            38.01197046577154
          ],
          [
            13.93165196626951,
            38.01219696403621
          ],
          [
            13.931159902063118,
            38.01242373620728
          ],
          [
            13.930668039313204,
            38.01265078046666
          ],
          [
            13.930176377004265,
            38.01287809501007
          ],
          [
            13.929684914124907,
            38.01310567804692
          ],
          [
            13.929193649667738,
            38.01333352779992
          ],
          [
            13.928702582629276,
            38.013561642504925
          ],
          [
            13.928211712009853,
            38.01379002041066
          ],
          [
            13.927721036813518,
            38.01401865977845
          ],
          [
            13.92723055957302,
            38.014247563584014
          ],
          [
            13.926740277051623,
            38.01447672709878
          ],
          [
            13.926250186999585,
            38.01470614693175
          ],
          [
            13.925760288435312,
            38.014935821393124
          ],
          [
            13.925270580380403,
            38.0151657488045
          ],
          [
            13.924781061859544,
            38.015395927498595
          ],
          [
            13.924291731900412,
            38.01562635581905
          ],
          [
            13.923802589533576,
            38.01585703212019
          ],
          [
            13.923313634740484,
            38.01608795601643
          ],
          [
            13.922824869833331,
            38.01631913019005
          ],
          [
            13.922336289641907,
            38.01655054747112
          ],
          [
            13.921847893207527,
            38.01678220625486
          ],
          [
            13.921359679573843,
            38.01701410494598
          ],
          [
            13.920871647786742,
            38.017246241958475
          ],
          [
            13.920383796894226,
            38.017478615715405
          ],
          [
            13.919896125946318,
            38.01771122464864
          ],
          [
            13.919408637671657,
            38.017944071990875
          ],
          [
            13.918921329323682,
            38.01817715382923
          ],
          [
            13.918434198097428,
            38.018410466193025
          ],
          [
            13.917947243049852,
            38.01864400754742
          ],
          [
            13.91746046323934,
            38.01887777636525
          ],
          [
            13.916973857725594,
            38.019111771126845
          ],
          [
            13.916487425569509,
            38.01934599031978
          ],
          [
            13.916001171627823,
            38.01958043992145
          ],
          [
            13.915515089287231,
            38.019815111085386
          ],
          [
            13.915029177507844,
            38.02005000218576
          ],
          [
            13.914543435353917,
            38.02028511173687
          ],
          [
            13.914057861890276,
            38.020520438259126
          ],
          [
            13.913572456182196,
            38.020755980278864
          ],
          [
            13.913087223429619,
            38.02099174418898
          ],
          [
            13.91260215667383,
            38.02122772078873
          ],
          [
            13.912117254883213,
            38.02146390849604
          ],
          [
            13.911632517123104,
            38.02170030585831
          ],
          [
            13.9111479424586,
            38.021936911427744
          ],
          [
            13.910663533540667,
            38.0221737283283
          ],
          [
            13.91017928880603,
            38.022410754307735
          ],
          [
            13.909695204368829,
            38.022647984171066
          ],
          [
            13.909211279291252,
            38.02288541648677
          ],
          [
            13.908727512634542,
            38.023123049826985
          ],
          [
            13.908243907422191,
            38.02336088778483
          ],
          [
            13.9077604616119,
            38.02359892753052
          ],
          [
            13.907277171404159,
            38.02383716402509
          ],
          [
            13.90679403585411,
            38.02407559585205
          ],
          [
            13.906311054075955,
            38.024314221673954
          ],
          [
            13.905828232079395,
            38.02455304883791
          ],
          [
            13.905345561895905,
            38.024792067081776
          ],
          [
            13.904863042571762,
            38.0250312749964
          ],
          [
            13.904380673150856,
            38.02527067117409
          ],
          [
            13.90389845833008,
            38.02551026129605
          ],
          [
            13.903416393146847,
            38.02575003892664
          ],
          [
            13.902934474977192,
            38.0259900005794
          ],
          [
            13.902452702852461,
            38.026230144848675
          ],
          [
            13.901971082037907,
            38.02647047811208
          ],
          [
            13.901489606599101,
            38.026710992759995
          ],
          [
            13.90100827426752,
            38.026951685776304
          ],
          [
            13.900527085124276,
            38.0271925570783
          ],
          [
            13.9000460437597,
            38.027433612186194
          ],
          [
            13.899565142520178,
            38.02767484139776
          ],
          [
            13.899084380406764,
            38.02791624329965
          ],
          [
            13.898603761697355,
            38.0281578230197
          ],
          [
            13.89812328268458,
            38.02839957578322
          ],
          [
            13.897642939747751,
            38.028641496938654
          ],
          [
            13.897162735074653,
            38.02888358902501
          ],
          [
            13.896682669236055,
            38.02912585257643
          ],
          [
            13.896202736362355,
            38.02936828018344
          ],
          [
            13.895722937902447,
            38.02961087347575
          ],
          [
            13.89524327597356,
            38.029853634899325
          ],
          [
            13.894763743829683,
            38.03009655599423
          ],
          [
            13.894284343458459,
            38.03033963905507
          ],
          [
            13.893805075936474,
            38.030582885250595
          ],
          [
            13.89332593494225,
            38.0308262866745
          ],
          [
            13.892846924199754,
            38.03106984774946
          ],
          [
            13.892368041315088,
            38.03131356539723
          ],
          [
            13.891889281614386,
            38.03155743376037
          ],
          [
            13.891410651668389,
            38.031801460734954
          ],
          [
            13.890932143354007,
            38.03204563625833
          ],
          [
            13.890453757898737,
            38.03228996170025
          ],
          [
            13.88997549638943,
            38.0325344382549
          ],
          [
            13.889497352247677,
            38.03277905778009
          ],
          [
            13.889019332232317,
            38.03302382837963
          ],
          [
            13.888541427760424,
            38.033268739488015
          ],
          [
            13.888063642103928,
            38.033513794964826
          ],
          [
            13.887585972408205,
            38.03375899122536
          ],
          [
            13.887108416914883,
            38.03400432602217
          ],
          [
            13.886630976957449,
            38.03424980086009
          ],
          [
            13.886153647243603,
            38.03449540921794
          ],
          [
            13.885676431832229,
            38.034741155902786
          ],
          [
            13.885199323313332,
            38.0349870318465
          ],
          [
            13.884722327090607,
            38.035233043479394
          ],
          [
            13.884245434967603,
            38.03547918080195
          ],
          [
            13.883768652399386,
            38.03572545030203
          ],
          [
            13.883291971644017,
            38.035971842547816
          ],
          [
            13.882815397007104,
            38.03621836263776
          ],
          [
            13.8823389223462,
            38.03646500308457
          ],
          [
            13.881862549715134,
            38.03671176627504
          ],
          [
            13.881386275613746,
            38.036958647914716
          ],
          [
            13.880910098846703,
            38.037205646487784
          ],
          [
            13.880434019489993,
            38.03745276200535
          ],
          [
            13.879958032387936,
            38.03769998820561
          ],
          [
            13.87948214148743,
            38.03794732974783
          ],
          [
            13.879006340082775,
            38.038194778522346
          ],
          [
            13.878530628550491,
            38.03844233491433
          ],
          [
            13.878055006222372,
            38.03868999805649
          ],
          [
            13.877579468680894,
            38.03893776260156
          ],
          [
            13.877104016786927,
            38.03918562951898
          ],
          [
            13.876628647910614,
            38.03943359560669
          ],
          [
            13.876153358789713,
            38.03968165691455
          ],
          [
            13.875678149287909,
            38.0399298132277
          ],
          [
            13.875203017466028,
            38.04017806218124
          ],
          [
            13.874727959815107,
            38.040426399544174
          ],
          [
            13.87425297445918,
            38.04067482303738
          ],
          [
            13.873778061405382,
            38.04092333262608
          ],
          [
            13.873303216590774,
            38.04117192343246
          ],
          [
            13.87282843763326,
            38.04142059258543
          ],
          [
            13.872353722331834,
            38.041669337433056
          ],
          [
            13.87187906884139,
            38.041918155749535
          ],
          [
            13.871404475045686,
            38.042167044989576
          ],
          [
            13.870929937472242,
            38.042416001000795
          ],
          [
            13.870455453539623,
            38.04266502069347
          ],
          [
            13.86998102055676,
            38.04291410085113
          ],
          [
            13.86950663571813,
            38.04316323812489
          ],
          [
            13.869032296098668,
            38.04341242902739
          ],
          [
            13.868557998648404,
            38.04366166992644
          ],
          [
            13.868083740186798,
            38.04391095703826
          ],
          [
            13.86760951739676,
            38.04416028642028
          ],
          [
            13.867135326818342,
            38.04440965396365
          ],
          [
            13.866661164842053,
            38.04465905538508
          ],
          [
            13.8661870277018,
            38.04490848621841
          ],
          [
            13.865712911467421,
            38.0451579418055
          ],
          [
            13.865238812036772,
            38.04540741728659
          ],
          [
            13.864764725127355,
            38.04565690759014
          ],
          [
            13.864290646267444,
            38.04590640742192
          ],
          [
            13.863816570786664,
            38.04615591125342
          ],
          [
            13.863342493806016,
            38.046405413309614
          ],
          [
            13.86286841022727,
            38.04665490755575
          ],
          [
            13.862394314420596,
            38.04690438732697
          ],
          [
            13.86192020077296,
            38.04715384597661
          ],
          [
            13.861446063468515,
            38.047403276615405
          ],
          [
            13.860971896206085,
            38.04765267177596
          ],
          [
            13.86049769151115,
            38.04790202259614
          ],
          [
            13.860023443355558,
            38.048151321921054
          ],
          [
            13.859549143643605,
            38.04840056013841
          ],
          [
            13.859074784297905,
            38.048649727647444
          ],
          [
            13.85860035757093,
            38.04889881522693
          ],
          [
            13.85812585328049,
            38.04914781075268
          ],
          [
            13.857651262956322,
            38.04939670411434
          ],
          [
            13.857176575862777,
            38.04964548249151
          ],
          [
            13.856701780306514,
            38.04989413189817
          ],
          [
            13.85622686610572,
            38.05014264011705
          ],
          [
            13.855751819662796,
            38.05039099083131
          ],
          [
            13.855276626159304,
            38.0506391662218
          ],
          [
            13.854801272438634,
            38.050887150399795
          ],
          [
            13.85432574235337,
            38.0511349238491
          ],
          [
            13.853850018427222,
            38.05138246539102
          ],
          [
            13.853374081736797,
            38.05162975202641
          ],
          [
            13.852897911780348,
            38.051876758758866
          ],
          [
            13.852421486331806,
            38.052123458396494
          ],
          [
            13.851944781278211,
            38.052369821329044
          ],
          [
            13.851467766841264,
            38.05261581092732
          ],
          [
            13.850990414410376,
            38.05286139173799
          ],
          [
            13.85051269331968,
            38.05310652556566
          ],
          [
            13.850034559665726,
            38.05335115779837
          ],
          [
            13.849555977599898,
            38.053595243183445
          ],
          [
            13.849076898928026,
            38.05383872092075
          ],
          [
            13.848597266596707,
            38.054081518656716
          ],
          [
            13.848117021452003,
            38.054323560582795
          ],
          [
            13.847636091498696,
            38.05456475394653
          ],
          [
            13.847154394360809,
            38.05480499165463
          ],
          [
            13.846671839911872,
            38.05504415510784
          ],
          [
            13.84618830504088,
            38.0552820817171
          ],
          [
            13.845703661071294,
            38.055518598263504
          ],
          [
            13.845217740612034,
            38.05575347739431
          ],
          [
            13.844730344253712,
            38.05598644351359
          ],
          [
            13.844241202460498,
            38.05621711905883
          ],
          [
            13.843749999412907,
            38.056445048982724
          ],
          [
            13.843256289782035,
            38.05666957864277
          ],
          [
            13.842759481613072,
            38.05688980716877
          ],
          [
            13.842258716189564,
            38.057104375036566
          ],
          [
            13.841752688830688,
            38.05731109837827
          ],
          [
            13.841239229413617,
            38.057506037809915
          ],
          [
            13.840714267632121,
            38.05768070232981
          ],
          [
            13.840168691243635,
            38.05780830167885
          ],
          [
            13.839706653023176,
            38.05766312344853
          ]
        ]
      }
    }
  ]
}